Canada-Ontario, Deaths (period 5x1), 	Last modified: 28 May 2025;  Methods Protocol: v6 (2017)

  Year          Age             Female            Male           Total
  1921           0              2848.11         3926.03         6774.14
  1921         1-4               834.91          957.96         1792.87
  1921         5-9               417.46          512.05          929.51
  1921        10-14              271.28          258.53          529.81
  1921        15-19              309.34          391.79          701.13
  1921        20-24              427.46          431.88          859.34
  1921        25-29              513.56          508.03         1021.59
  1921        30-34              493.54          463.94          957.48
  1921        35-39              592.65          556.13         1148.78
  1921        40-44              560.61          573.17         1133.78
  1921        45-49              584.63          586.19         1170.82
  1921        50-54              714.78          759.55         1474.33
  1921        55-59              769.84          911.86         1681.70
  1921        60-64              996.09         1143.34         2139.43
  1921        65-69             1178.29         1228.52         2406.81
  1921        70-74             1359.49         1473.02         2832.51
  1921        75-79             1349.47         1359.79         2709.26
  1921        80-84             1125.24         1063.17         2188.41
  1921        85-89              738.80          669.37         1408.17
  1921        90-94              304.32          215.44          519.76
  1921        95-99               81.09           56.11          137.20
  1921       100-104              16.97           14.99           31.96
  1921       105-109               1.05            1.03            2.08
  1921       110+                  0.00            0.00            0.00
  1922           0              2511.15         3426.33         5937.48
  1922         1-4               777.29          910.27         1687.56
  1922         5-9               328.54          389.40          717.94
  1922        10-14              229.39          269.97          499.36
  1922        15-19              308.50          335.20          643.70
  1922        20-24              441.73          410.47          852.20
  1922        25-29              464.78          450.62          915.40
  1922        30-34              508.85          459.65          968.50
  1922        35-39              552.91          525.89         1078.80
  1922        40-44              566.94          535.92         1102.86
  1922        45-49              629.05          603.17         1232.22
  1922        50-54              708.16          688.48         1396.64
  1922        55-59              806.33          948.40         1754.73
  1922        60-64             1021.70         1167.19         2188.89
  1922        65-69             1172.94         1377.96         2550.90
  1922        70-74             1383.29         1592.74         2976.03
  1922        75-79             1485.46         1416.11         2901.57
  1922        80-84             1244.05         1160.17         2404.22
  1922        85-89              766.26          734.64         1500.90
  1922        90-94              316.52          231.84          548.36
  1922        95-99               78.12           64.24          142.36
  1922       100-104               6.02           22.66           28.68
  1922       105-109               0.00            4.46            4.46
  1922       110+                  0.00            0.00            0.00
  1923           0              2537.95         3423.51         5961.46
  1923         1-4               806.94          889.21         1696.15
  1923         5-9               345.40          370.91          716.31
  1923        10-14              221.26          267.67          488.93
  1923        15-19              316.38          351.87          668.25
  1923        20-24              398.46          379.94          778.40
  1923        25-29              456.53          468.16          924.69
  1923        30-34              474.56          460.14          934.70
  1923        35-39              578.67          574.42         1153.09
  1923        40-44              540.62          547.35         1087.97
  1923        45-49              651.75          623.54         1275.29
  1923        50-54              727.84          747.85         1475.69
  1923        55-59              912.07         1040.59         1952.66
  1923        60-64             1143.33         1301.23         2444.56
  1923        65-69             1329.55         1491.71         2821.26
  1923        70-74             1505.76         1628.05         3133.81
  1923        75-79             1619.88         1540.83         3160.71
  1923        80-84             1337.56         1236.08         2573.64
  1923        85-89              868.01          771.91         1639.92
  1923        90-94              324.38          254.63          579.01
  1923        95-99               74.08           66.15          140.23
  1923       100-104              13.01           14.79           27.80
  1923       105-109               0.00            1.27            1.27
  1923       110+                  0.00            0.00            0.00
  1924           0              2365.23         3061.41         5426.64
  1924         1-4               662.62          798.68         1461.30
  1924         5-9               288.27          321.66          609.93
  1924        10-14              224.21          265.56          489.77
  1924        15-19              302.28          340.71          642.99
  1924        20-24              403.37          394.83          798.20
  1924        25-29              419.40          374.78          794.18
  1924        30-34              447.42          419.89          867.31
  1924        35-39              548.51          493.03         1041.54
  1924        40-44              513.48          543.14         1056.62
  1924        45-49              600.56          608.28         1208.84
  1924        50-54              727.69          705.48         1433.17
  1924        55-59              810.76          861.80         1672.56
  1924        60-64             1079.02         1230.57         2309.59
  1924        65-69             1260.19         1483.10         2743.29
  1924        70-74             1426.36         1552.24         2978.60
  1924        75-79             1404.32         1513.17         2917.49
  1924        80-84             1201.13         1206.53         2407.66
  1924        85-89              802.76          648.36         1451.12
  1924        90-94              323.30          253.53          576.83
  1924        95-99               90.08           67.14          157.22
  1924       100-104              21.70            9.03           30.73
  1924       105-109               2.33            0.00            2.33
  1924       110+                  0.00            0.00            0.00
  1925           0              2431.48         3104.41         5535.89
  1925         1-4               712.44          729.03         1441.47
  1925         5-9               257.17          371.53          628.70
  1925        10-14              223.15          268.38          491.53
  1925        15-19              285.18          348.50          633.68
  1925        20-24              424.26          377.53          801.79
  1925        25-29              444.26          395.56          839.82
  1925        30-34              460.29          399.58          859.87
  1925        35-39              485.31          481.69          967.00
  1925        40-44              556.34          547.79         1104.13
  1925        45-49              588.36          638.91         1227.27
  1925        50-54              691.42          719.02         1410.44
  1925        55-59              814.50          939.33         1753.83
  1925        60-64             1102.67         1204.71         2307.38
  1925        65-69             1336.81         1555.21         2892.02
  1925        70-74             1526.94         1644.33         3171.27
  1925        75-79             1490.91         1550.21         3041.12
  1925        80-84             1290.78         1201.70         2492.48
  1925        85-89              828.51          743.05         1571.56
  1925        90-94              328.19          279.40          607.59
  1925        95-99               87.05           66.10          153.15
  1925       100-104              11.01           16.32           27.33
  1925       105-109               0.00            0.71            0.71
  1925       110+                  0.00            0.00            0.00
  1926           0              2272.64         3038.64         5311.28
  1926         1-4               707.83          780.71         1488.54
  1926         5-9               294.33          340.73          635.06
  1926        10-14              219.25          277.60          496.85
  1926        15-19              316.37          373.82          690.19
  1926        20-24              399.46          359.79          759.25
  1926        25-29              405.47          377.82          783.29
  1926        30-34              489.57          373.81          863.38
  1926        35-39              541.63          569.24         1110.87
  1926        40-44              540.64          629.37         1170.01
  1926        45-49              664.77          722.58         1387.35
  1926        50-54              730.84          808.76         1539.60
  1926        55-59              918.08          966.11         1884.19
  1926        60-64             1215.41         1346.94         2562.35
  1926        65-69             1439.67         1641.58         3081.25
  1926        70-74             1625.89         1856.05         3481.94
  1926        75-79             1648.91         1777.89         3426.80
  1926        80-84             1400.62         1350.95         2751.57
  1926        85-89              907.05          779.70         1686.75
  1926        90-94              334.40          277.60          612.00
  1926        95-99               93.11           59.14          152.25
  1926       100-104              20.50           11.74           32.24
  1926       105-109               1.54            0.29            1.83
  1926       110+                  0.00            0.00            0.00
  1927           0              2081.02         2740.17         4821.19
  1927         1-4               627.61          689.80         1317.41
  1927         5-9               267.26          390.02          657.28
  1927        10-14              233.23          298.78          532.01
  1927        15-19              310.31          306.81          617.12
  1927        20-24              383.37          383.00          766.37
  1927        25-29              424.42          430.13          854.55
  1927        30-34              456.44          399.05          855.49
  1927        35-39              553.54          549.43         1102.97
  1927        40-44              572.56          583.53         1156.09
  1927        45-49              674.66          743.94         1418.60
  1927        50-54              697.68          830.16         1527.84
  1927        55-59              856.83         1111.91         1968.74
  1927        60-64             1157.11         1298.40         2455.51
  1927        65-69             1492.44         1699.45         3191.89
  1927        70-74             1469.43         1825.79         3295.22
  1927        75-79             1583.54         1702.44         3285.98
  1927        80-84             1294.25         1271.32         2565.57
  1927        85-89              890.86          691.82         1582.68
  1927        90-94              330.32          288.76          619.08
  1927        95-99               91.09           62.16          153.25
  1927       100-104              20.77            8.02           28.79
  1927       105-109               1.25            0.00            1.25
  1927       110+                  0.00            0.00            0.00
  1928           0              2146.82         2741.75         4888.57
  1928         1-4               607.51          701.73         1309.24
  1928         5-9               272.23          368.91          641.14
  1928        10-14              236.20          252.62          488.82
  1928        15-19              321.28          404.01          725.29
  1928        20-24              441.37          481.18          922.55
  1928        25-29              454.37          483.18          937.55
  1928        30-34              526.45          448.10          974.55
  1928        35-39              546.47          530.30         1076.77
  1928        40-44              622.53          684.69         1307.22
  1928        45-49              687.59          790.94         1478.53
  1928        50-54              797.67          937.30         1734.97
  1928        55-59              957.81         1122.77         2080.58
  1928        60-64             1202.02         1405.47         2607.49
  1928        65-69             1501.28         1819.48         3320.76
  1928        70-74             1720.46         1877.62         3598.08
  1928        75-79             1766.49         1852.55         3619.04
  1928        80-84             1443.23         1356.33         2799.56
  1928        85-89              915.78          803.99         1719.77
  1928        90-94              399.34          307.75          707.09
  1928        95-99               92.08           70.17          162.25
  1928       100-104              12.01           15.41           27.42
  1928       105-109               0.00            0.63            0.63
  1928       110+                  0.00            0.00            0.00
  1929           0              2263.76         2945.80         5209.56
  1929         1-4               708.23          816.60         1524.83
  1929         5-9               312.12          377.73          689.85
  1929        10-14              229.08          279.55          508.63
  1929        15-19              319.11          453.89          773.00
  1929        20-24              425.14          479.94          905.08
  1929        25-29              434.14          455.90          890.04
  1929        30-34              469.16          465.92          935.08
  1929        35-39              531.18          586.17         1117.35
  1929        40-44              598.20          715.41         1313.61
  1929        45-49              679.23          811.60         1490.83
  1929        50-54              811.28          986.95         1798.23
  1929        55-59              881.29         1119.20         2000.49
  1929        60-64             1149.38         1441.84         2591.22
  1929        65-69             1578.52         1837.62         3416.14
  1929        70-74             1832.61         2013.95         3846.56
  1929        75-79             1804.61         1915.78         3720.39
  1929        80-84             1460.49         1426.81         2887.30
  1929        85-89              910.30          828.63         1738.93
  1929        90-94              343.11          238.47          581.58
  1929        95-99               90.02           73.13          163.15
  1929       100-104              11.00           10.03           21.03
  1929       105-109               0.00            0.00            0.00
  1929       110+                  0.00            0.00            0.00
  1930           0              2298.13         2965.14         5263.27
  1930         1-4               572.04          723.77         1295.81
  1930         5-9               277.00          412.45          689.45
  1930        10-14              215.00          267.28          482.28
  1930        15-19              337.00          422.45          759.45
  1930        20-24              409.02          500.53          909.55
  1930        25-29              420.02          441.46          861.48
  1930        30-34              434.03          452.47          886.50
  1930        35-39              526.05          586.62         1112.67
  1930        40-44              604.05          653.69         1257.74
  1930        45-49              683.05          815.85         1498.90
  1930        50-54              805.05          980.05         1785.10
  1930        55-59              970.05         1083.15         2053.20
  1930        60-64             1149.05         1411.50         2560.55
  1930        65-69             1532.09         1762.86         3294.95
  1930        70-74             1801.10         2079.20         3880.30
  1930        75-79             1704.10         1853.96         3558.06
  1930        80-84             1406.09         1299.37         2705.46
  1930        85-89              873.05          752.79         1625.84
  1930        90-94              365.01          286.32          651.33
  1930        95-99               90.00           58.06          148.06
  1930       100-104              14.65           16.81           31.46
  1930       105-109               0.33            1.21            1.54
  1930       110+                  0.00            0.00            0.00
  1931           0              2089.88         2748.16         4838.04
  1931         1-4               493.21          561.85         1055.06
  1931         5-9               189.07          311.48          500.55
  1931        10-14              199.09          229.35          428.44
  1931        15-19              264.11          357.54          621.65
  1931        20-24              420.17          429.65          849.82
  1931        25-29              392.17          486.73          878.90
  1931        30-34              416.17          470.72          886.89
  1931        35-39              539.22          488.74         1027.96
  1931        40-44              499.22          634.97         1134.19
  1931        45-49              628.27          840.27         1468.54
  1931        50-54              746.31         1024.54         1770.85
  1931        55-59              888.36         1183.80         2072.16
  1931        60-64             1168.48         1372.07         2540.55
  1931        65-69             1408.60         1761.66         3170.26
  1931        70-74             1754.74         1991.02         3745.76
  1931        75-79             1791.76         1832.78         3624.54
  1931        80-84             1386.58         1329.02         2715.60
  1931        85-89              850.36          761.15         1611.51
  1931        90-94              341.15          255.39          596.54
  1931        95-99               89.03           56.07          145.10
  1931       100-104              12.01           10.02           22.03
  1931       105-109               0.00            0.00            0.00
  1931       110+                  0.00            0.00            0.00
  1932           0              1780.72         2356.19         4136.91
  1932         1-4               453.19          542.73          995.92
  1932         5-9               199.09          282.37          481.46
  1932        10-14              172.05          234.32          406.37
  1932        15-19              270.12          367.50          637.62
  1932        20-24              356.15          404.54          760.69
  1932        25-29              397.17          410.56          807.73
  1932        30-34              426.16          407.55          833.71
  1932        35-39              507.20          531.70         1038.90
  1932        40-44              517.22          660.90         1178.12
  1932        45-49              672.27          768.03         1440.30
  1932        50-54              865.34         1008.36         1873.70
  1932        55-59              982.41         1183.60         2166.01
  1932        60-64             1177.47         1429.94         2607.41
  1932        65-69             1566.63         1720.33         3286.96
  1932        70-74             1964.79         2198.98         4163.77
  1932        75-79             1957.80         2044.77         4002.57
  1932        80-84             1593.65         1489.01         3082.66
  1932        85-89              950.40          801.09         1751.49
  1932        90-94              348.13          276.37          624.50
  1932        95-99              100.04           66.09          166.13
  1932       100-104              14.69           11.01           25.70
  1932       105-109               0.32            0.00            0.32
  1932       110+                  0.00            0.00            0.00
  1933           0              1627.29         2178.53         3805.82
  1933         1-4               410.08          532.37          942.45
  1933         5-9               163.05          230.16          393.21
  1933        10-14              147.03          194.14          341.17
  1933        15-19              229.05          265.20          494.25
  1933        20-24              345.05          378.26          723.31
  1933        25-29              404.07          346.25          750.32
  1933        30-34              374.06          378.26          752.32
  1933        35-39              488.09          472.33          960.42
  1933        40-44              576.10          610.43         1186.53
  1933        45-49              693.13          779.54         1472.67
  1933        50-54              803.14         1031.72         1834.86
  1933        55-59              917.16         1110.78         2027.94
  1933        60-64             1214.22         1390.98         2605.20
  1933        65-69             1553.28         1781.24         3334.52
  1933        70-74             1944.35         2103.47         4047.82
  1933        75-79             1952.35         2037.43         3989.78
  1933        80-84             1542.28         1515.06         3057.34
  1933        85-89              939.17          803.58         1742.75
  1933        90-94              391.06          278.19          669.25
  1933        95-99               84.01           60.05          144.06
  1933       100-104              14.01           11.01           25.02
  1933       105-109               0.00            0.00            0.00
  1933       110+                  0.00            0.00            0.00
  1934           0              1534.37         1990.70         3525.07
  1934         1-4               351.08          522.45          873.53
  1934         5-9               171.05          237.21          408.26
  1934        10-14              150.05          198.18          348.23
  1934        15-19              231.05          243.20          474.25
  1934        20-24              325.09          354.32          679.41
  1934        25-29              355.10          342.29          697.39
  1934        30-34              385.09          379.33          764.42
  1934        35-39              421.10          432.37          853.47
  1934        40-44              531.13          588.50         1119.63
  1934        45-49              609.14          785.68         1394.82
  1934        50-54              780.19         1044.89         1825.08
  1934        55-59              948.22         1234.06         2182.28
  1934        60-64             1230.31         1583.35         2813.66
  1934        65-69             1458.36         1813.55         3271.91
  1934        70-74             1969.47         2186.86         4156.33
  1934        75-79             1935.47         2173.85         4109.32
  1934        80-84             1558.39         1498.29         3056.68
  1934        85-89              946.23          783.66         1729.89
  1934        90-94              386.09          265.21          651.30
  1934        95-99               88.01           66.06          154.07
  1934       100-104              21.79            7.01           28.80
  1934       105-109               1.24            0.00            1.24
  1934       110+                  0.00            0.00            0.00
  1935           0              1518.18         1997.93         3516.11
  1935         1-4               369.04          487.21          856.25
  1935         5-9               186.01          248.12          434.13
  1935        10-14              154.00          239.10          393.10
  1935        15-19              223.03          296.14          519.17
  1935        20-24              315.05          325.15          640.20
  1935        25-29              377.05          358.17          735.22
  1935        30-34              388.05          403.18          791.23
  1935        35-39              483.05          460.21          943.26
  1935        40-44              533.05          643.29         1176.34
  1935        45-49              628.08          829.40         1457.48
  1935        50-54              853.10         1058.49         1911.59
  1935        55-59              992.11         1299.60         2291.71
  1935        60-64             1198.14         1509.70         2707.84
  1935        65-69             1571.18         1853.87         3425.05
  1935        70-74             1957.23         2278.06         4235.29
  1935        75-79             2120.26         2250.04         4370.30
  1935        80-84             1654.21         1581.74         3235.95
  1935        85-89              994.11          835.39         1829.50
  1935        90-94              414.05          261.11          675.16
  1935        95-99               95.00           57.03          152.03
  1935       100-104              11.99            7.99           19.98
  1935       105-109               0.00            0.00            0.00
  1935       110+                  0.00            0.00            0.00
  1936           0              1501.09         1915.96         3417.05
  1936         1-4               394.02          469.24          863.26
  1936         5-9               196.00          246.13          442.13
  1936        10-14              116.00          195.10          311.10
  1936        15-19              221.00          254.12          475.12
  1936        20-24              347.00          354.18          701.18
  1936        25-29              356.00          362.19          718.19
  1936        30-34              422.00          421.22          843.22
  1936        35-39              422.02          491.26          913.28
  1936        40-44              530.05          630.31         1160.36
  1936        45-49              632.05          834.42         1466.47
  1936        50-54              843.05         1149.59         1992.64
  1936        55-59             1031.05         1340.68         2371.73
  1936        60-64             1273.06         1604.79         2877.85
  1936        65-69             1670.10         1919.95         3590.05
  1936        70-74             2073.12         2313.16         4386.28
  1936        75-79             2296.13         2382.20         4678.33
  1936        80-84             1720.10         1701.85         3421.95
  1936        85-89             1083.07          935.47         2018.54
  1936        90-94              414.01          306.15          720.16
  1936        95-99               88.00           78.03          166.03
  1936       100-104              23.99           10.00           33.99
  1936       105-109               2.00            0.00            2.00
  1936       110+                  0.00            0.00            0.00
  1937           0              1480.17         1903.47         3383.64
  1937         1-4               406.05          466.35          872.40
  1937         5-9               177.01          249.20          426.21
  1937        10-14              146.00          247.20          393.20
  1937        15-19              237.02          281.21          518.23
  1937        20-24              357.05          404.31          761.36
  1937        25-29              350.05          398.31          748.36
  1937        30-34              356.05          448.35          804.40
  1937        35-39              456.05          552.42         1008.47
  1937        40-44              523.05          645.50         1168.55
  1937        45-49              670.07          925.71         1595.78
  1937        50-54              852.10         1124.88         1976.98
  1937        55-59             1013.11         1441.11         2454.22
  1937        60-64             1271.15         1754.35         3025.50
  1937        65-69             1608.18         2000.55         3608.73
  1937        70-74             2116.23         2285.76         4401.99
  1937        75-79             2258.25         2454.90         4713.15
  1937        80-84             1856.21         1802.38         3658.59
  1937        85-89             1107.13          945.72         2052.85
  1937        90-94              428.05          299.24          727.29
  1937        95-99              100.00           51.04          151.04
  1937       100-104              15.67            8.01           23.68
  1937       105-109               0.32            0.00            0.32
  1937       110+                  0.00            0.00            0.00
  1938           0              1395.41         1851.59         3247.00
  1938         1-4               359.11          369.32          728.43
  1938         5-9               142.04          214.18          356.22
  1938        10-14              148.05          210.17          358.22
  1938        15-19              196.06          295.25          491.31
  1938        20-24              267.09          316.26          583.35
  1938        25-29              341.10          359.31          700.41
  1938        30-34              332.10          405.34          737.44
  1938        35-39              419.12          462.39          881.51
  1938        40-44              499.15          614.53         1113.68
  1938        45-49              632.18          869.75         1501.93
  1938        50-54              765.22         1119.97         1885.19
  1938        55-59             1045.30         1404.21         2449.51
  1938        60-64             1214.36         1590.37         2804.73
  1938        65-69             1601.47         2059.76         3661.23
  1938        70-74             2047.60         2350.02         4397.62
  1938        75-79             2248.65         2341.02         4589.67
  1938        80-84             1759.52         1711.47         3470.99
  1938        85-89             1113.32          916.78         2030.10
  1938        90-94              421.13          272.23          693.36
  1938        95-99              117.03           67.06          184.09
  1938       100-104              11.00           12.68           23.68
  1938       105-109               0.00            0.33            0.33
  1938       110+                  0.00            0.00            0.00
  1939           0              1231.14         1749.89         2981.03
  1939         1-4               262.03          369.40          631.43
  1939         5-9               144.00          208.21          352.21
  1939        10-14              153.00          174.19          327.19
  1939        15-19              203.02          277.31          480.33
  1939        20-24              220.03          329.36          549.39
  1939        25-29              293.05          350.38          643.43
  1939        30-34              308.05          340.37          648.42
  1939        35-39              382.05          432.47          814.52
  1939        40-44              453.05          530.56          983.61
  1939        45-49              627.08          800.87         1427.95
  1939        50-54              814.10         1157.26         1971.36
  1939        55-59             1008.11         1433.55         2441.66
  1939        60-64             1287.14         1788.93         3076.07
  1939        65-69             1663.20         2137.32         3800.52
  1939        70-74             2069.24         2448.64         4517.88
  1939        75-79             2305.26         2460.66         4765.92
  1939        80-84             2018.23         1876.02         3894.25
  1939        85-89             1231.14         1039.11         2270.25
  1939        90-94              433.06          319.35          752.41
  1939        95-99               99.00           74.08          173.08
  1939       100-104              14.73           12.02           26.75
  1939       105-109               0.27            0.00            0.27
  1939       110+                  0.00            0.00            0.00
  1940           0              1274.36         1685.81         2960.17
  1940         1-4               265.07          343.17          608.24
  1940         5-9               123.04          203.09          326.13
  1940        10-14              143.04          174.09          317.13
  1940        15-19              173.05          317.16          490.21
  1940        20-24              209.05          331.16          540.21
  1940        25-29              283.08          304.14          587.22
  1940        30-34              324.10          343.16          667.26
  1940        35-39              396.11          499.23          895.34
  1940        40-44              466.13          581.28         1047.41
  1940        45-49              601.17          797.39         1398.56
  1940        50-54              880.25         1215.59         2095.84
  1940        55-59             1038.29         1619.76         2658.05
  1940        60-64             1332.38         1912.92         3245.30
  1940        65-69             1695.47         2230.08         3925.55
  1940        70-74             2110.60         2473.19         4583.79
  1940        75-79             2428.69         2444.18         4872.87
  1940        80-84             2024.56         1958.94         3983.50
  1940        85-89             1219.35         1055.51         2274.86
  1940        90-94              460.13          349.17          809.30
  1940        95-99              118.02           70.03          188.05
  1940       100-104              14.00           13.66           27.66
  1940       105-109               0.00            0.34            0.34
  1940       110+                  0.00            0.00            0.00
  1941           0              1384.23         1910.53         3294.76
  1941         1-4               277.05          329.09          606.14
  1941         5-9               140.03          202.05          342.08
  1941        10-14              119.01          192.05          311.06
  1941        15-19              165.04          290.08          455.12
  1941        20-24              221.05          379.10          600.15
  1941        25-29              258.05          359.10          617.15
  1941        30-34              281.05          351.10          632.15
  1941        35-39              366.05          482.13          848.18
  1941        40-44              460.07          614.17         1074.24
  1941        45-49              633.11          844.22         1477.33
  1941        50-54              801.13         1275.35         2076.48
  1941        55-59             1070.18         1561.45         2631.63
  1941        60-64             1336.22         1963.55         3299.77
  1941        65-69             1760.29         2217.62         3977.91
  1941        70-74             2093.34         2465.68         4559.02
  1941        75-79             2340.40         2534.71         4875.11
  1941        80-84             2122.37         2006.55         4128.92
  1941        85-89             1233.21         1130.33         2363.54
  1941        90-94              486.08          363.09          849.17
  1941        95-99              111.01           61.02          172.03
  1941       100-104              17.39           15.39           32.78
  1941       105-109               0.62            0.61            1.23
  1941       110+                  0.00            0.00            0.00
  1942           0              1349.99         1792.43         3142.42
  1942         1-4               234.17          337.45          571.62
  1942         5-9               103.08          169.22          272.30
  1942        10-14              104.08          144.19          248.27
  1942        15-19              180.13          313.43          493.56
  1942        20-24              224.17          382.53          606.70
  1942        25-29              291.22          306.42          597.64
  1942        30-34              303.22          330.46          633.68
  1942        35-39              371.27          417.57          788.84
  1942        40-44              424.31          614.83         1039.14
  1942        45-49              619.45          802.09         1421.54
  1942        50-54              812.60         1296.77         2109.37
  1942        55-59             1152.84         1645.23         2798.07
  1942        60-64             1410.02         1995.71         3405.73
  1942        65-69             1735.27         2322.15         4057.42
  1942        70-74             2075.51         2470.34         4545.85
  1942        75-79             2348.72         2515.41         4864.13
  1942        80-84             2090.53         1980.70         4071.23
  1942        85-89             1316.96         1077.46         2394.42
  1942        90-94              498.37          357.50          855.87
  1942        95-99              111.09           68.10          179.19
  1942       100-104              13.01            9.02           22.03
  1942       105-109               0.00            0.00            0.00
  1942       110+                  0.00            0.00            0.00
  1943           0              1455.92         1938.93         3394.85
  1943         1-4               257.16          348.71          605.87
  1943         5-9               116.06          178.36          294.42
  1943        10-14              121.09          167.34          288.43
  1943        15-19              144.09          322.65          466.74
  1943        20-24              245.15          350.70          595.85
  1943        25-29              269.17          307.62          576.79
  1943        30-34              303.19          333.68          636.87
  1943        35-39              372.23          456.93          829.16
  1943        40-44              467.30          584.18         1051.48
  1943        45-49              628.40          831.68         1460.08
  1943        50-54              820.51         1138.31         1958.82
  1943        55-59             1104.70         1644.34         2749.04
  1943        60-64             1455.92         2013.09         3469.01
  1943        65-69             1891.19         2420.90         4312.09
  1943        70-74             2226.41         2607.28         4833.69
  1943        75-79             2550.62         2581.23         5131.85
  1943        80-84             2357.50         2134.33         4491.83
  1943        85-89             1454.92         1285.60         2740.52
  1943        90-94              512.33          423.86          936.19
  1943        95-99              132.09           80.15          212.24
  1943       100-104              17.41            9.01           26.42
  1943       105-109               0.60            0.00            0.60
  1943       110+                  0.00            0.00            0.00
  1944           0              1413.23         1935.50         3348.73
  1944         1-4               289.05          328.42          617.47
  1944         5-9               112.01          233.32          345.33
  1944        10-14               87.00          144.19          231.19
  1944        15-19              157.02          271.34          428.36
  1944        20-24              231.05          281.38          512.43
  1944        25-29              255.05          263.35          518.40
  1944        30-34              292.05          317.40          609.45
  1944        35-39              326.05          434.57          760.62
  1944        40-44              440.06          558.72          998.78
  1944        45-49              601.10          862.11         1463.21
  1944        50-54              870.14         1246.61         2116.75
  1944        55-59             1042.17         1603.08         2645.25
  1944        60-64             1428.23         2028.63         3456.86
  1944        65-69             1811.29         2324.00         4135.29
  1944        70-74             2170.36         2619.40         4789.76
  1944        75-79             2463.40         2551.30         5014.70
  1944        80-84             2176.36         2020.61         4196.97
  1944        85-89             1359.22         1162.50         2521.72
  1944        90-94              522.09          354.46          876.55
  1944        95-99               96.01           78.10          174.11
  1944       100-104               8.99           10.01           19.00
  1944       105-109               0.00            0.00            0.00
  1944       110+                  0.00            0.00            0.00
  1945           0              1396.93         1815.69         3212.62
  1945         1-4               243.16          330.50          573.66
  1945         5-9               102.06          190.28          292.34
  1945        10-14               96.05          158.23          254.28
  1945        15-19              135.08          256.38          391.46
  1945        20-24              208.14          292.43          500.57
  1945        25-29              210.14          255.39          465.53
  1945        30-34              291.20          286.42          577.62
  1945        35-39              349.22          429.64          778.86
  1945        40-44              423.28          566.85          990.13
  1945        45-49              599.40          856.26         1455.66
  1945        50-54              826.56         1176.74         2003.30
  1945        55-59             1067.71         1626.41         2694.12
  1945        60-64             1438.96         2107.12         3546.08
  1945        65-69             1818.21         2439.62         4257.83
  1945        70-74             2185.46         2534.76         4720.22
  1945        75-79             2369.58         2547.78         4917.36
  1945        80-84             2122.42         2057.04         4179.46
  1945        85-89             1407.94         1175.74         2583.68
  1945        90-94              489.33          380.57          869.90
  1945        95-99              138.10           71.10          209.20
  1945       100-104              16.68            8.01           24.69
  1945       105-109               0.32            0.00            0.32
  1945       110+                  0.00            0.00            0.00
  1946           0              1544.60         2110.45         3655.05
  1946         1-4               280.11          356.24          636.35
  1946         5-9               129.05          180.13          309.18
  1946        10-14               83.04          137.09          220.13
  1946        15-19              132.05          205.14          337.19
  1946        20-24              197.08          291.20          488.28
  1946        25-29              220.10          276.18          496.28
  1946        30-34              266.10          310.21          576.31
  1946        35-39              330.13          402.27          732.40
  1946        40-44              391.15          578.40          969.55
  1946        45-49              608.24          834.57         1442.81
  1946        50-54              751.29         1200.82         1952.11
  1946        55-59             1086.43         1642.13         2728.56
  1946        60-64             1322.51         2067.41         3389.92
  1946        65-69             1744.68         2487.70         4232.38
  1946        70-74             2154.85         2543.74         4698.59
  1946        75-79             2373.93         2504.72         4878.65
  1946        80-84             2139.83         1967.35         4107.18
  1946        85-89             1467.58         1254.87         2722.45
  1946        90-94              541.20          408.28          949.48
  1946        95-99              127.06           82.06          209.12
  1946       100-104              17.37            8.00           25.37
  1946       105-109               0.67            0.00            0.67
  1946       110+                  0.00            0.00            0.00
  1947           0              1694.54         2221.84         3916.38
  1947         1-4               234.08          327.27          561.35
  1947         5-9               100.02          195.16          295.18
  1947        10-14               88.04          141.11          229.15
  1947        15-19              149.05          222.18          371.23
  1947        20-24              187.05          266.22          453.27
  1947        25-29              196.06          282.23          478.29
  1947        30-34              240.07          326.27          566.34
  1947        35-39              329.10          405.34          734.44
  1947        40-44              414.13          622.51         1036.64
  1947        45-49              557.18          940.77         1497.95
  1947        50-54              800.27         1207.01         2007.28
  1947        55-59             1072.35         1703.42         2775.77
  1947        60-64             1402.44         2172.81         3575.25
  1947        65-69             1915.61         2598.15         4513.76
  1947        70-74             2267.74         2704.24         4971.98
  1947        75-79             2464.79         2596.15         5060.94
  1947        80-84             2331.75         2108.76         4440.51
  1947        85-89             1511.50         1295.08         2806.58
  1947        90-94              623.21          455.38         1078.59
  1947        95-99              133.04           87.06          220.10
  1947       100-104              16.01           12.01           28.02
  1947       105-109               0.00            0.00            0.00
  1947       110+                  0.00            0.00            0.00
  1948           0              1579.00         2108.25         3687.25
  1948         1-4               278.18          359.38          637.56
  1948         5-9                91.06          160.17          251.23
  1948        10-14               77.05          110.12          187.17
  1948        15-19              109.07          205.22          314.29
  1948        20-24              189.13          285.32          474.45
  1948        25-29              192.12          295.32          487.44
  1948        30-34              233.15          312.34          545.49
  1948        35-39              310.20          408.43          718.63
  1948        40-44              422.27          591.63         1013.90
  1948        45-49              620.40          870.92         1491.32
  1948        50-54              770.49         1237.32         2007.81
  1948        55-59             1133.71         1755.88         2889.59
  1948        60-64             1411.89         2344.51         3756.40
  1948        65-69             1857.18         2682.87         4540.05
  1948        70-74             2337.48         2860.05         5197.53
  1948        75-79             2505.59         2735.92         5241.51
  1948        80-84             2352.49         2211.36         4563.85
  1948        85-89             1687.06         1322.41         3009.47
  1948        90-94              632.40          439.48         1071.88
  1948        95-99              166.11           89.10          255.21
  1948       100-104              14.01            8.01           22.02
  1948       105-109               0.00            0.00            0.00
  1948       110+                  0.00            0.00            0.00
  1949           0              1737.99         2239.60         3977.59
  1949         1-4               263.15          347.40          610.55
  1949         5-9               107.06          161.19          268.25
  1949        10-14               85.05          135.15          220.20
  1949        15-19              114.06          219.25          333.31
  1949        20-24              160.10          260.30          420.40
  1949        25-29              178.11          311.36          489.47
  1949        30-34              215.13          320.37          535.50
  1949        35-39              291.17          447.52          738.69
  1949        40-44              383.21          555.65          938.86
  1949        45-49              574.32          927.08         1501.40
  1949        50-54              808.48         1262.46         2070.94
  1949        55-59             1019.58         1651.92         2671.50
  1949        60-64             1472.84         2431.82         3904.66
  1949        65-69             1904.09         2780.22         4684.31
  1949        70-74             2509.43         3062.55         5571.98
  1949        75-79             2554.45         2762.21         5316.66
  1949        80-84             2329.34         2292.67         4622.01
  1949        85-89             1691.95         1337.55         3029.50
  1949        90-94              665.38          510.59         1175.97
  1949        95-99              169.10           91.11          260.21
  1949       100-104              21.32           14.74           36.06
  1949       105-109               0.69            0.27            0.96
  1949       110+                  0.00            0.00            0.00
  1950           0              1543.00         2227.00         3770.00
  1950         1-4               253.00          331.00          584.00
  1950         5-9               109.00          165.00          274.00
  1950        10-14               84.00          139.00          223.00
  1950        15-19               77.00          194.00          271.00
  1950        20-24              120.00          265.00          385.00
  1950        25-29              147.00          238.00          385.00
  1950        30-34              217.00          268.00          485.00
  1950        35-39              319.00          390.00          709.00
  1950        40-44              413.00          593.00         1006.00
  1950        45-49              582.00          909.00         1491.00
  1950        50-54              754.00         1330.00         2084.00
  1950        55-59              999.00         1763.00         2762.00
  1950        60-64             1503.00         2456.00         3959.00
  1950        65-69             2021.00         2924.00         4945.00
  1950        70-74             2466.00         3050.00         5516.00
  1950        75-79             2664.00         2919.00         5583.00
  1950        80-84             2472.00         2313.00         4785.00
  1950        85-89             1720.00         1470.00         3190.00
  1950        90-94              738.00          472.00         1210.00
  1950        95-99              181.00           97.00          278.00
  1950       100-104              16.00            8.00           24.00
  1950       105-109               2.00            0.00            2.00
  1950       110+                  0.00            0.00            0.00
  1951           0              1542.00         2019.00         3561.00
  1951         1-4               263.00          322.00          585.00
  1951         5-9               112.00          187.00          299.00
  1951        10-14               73.00          127.00          200.00
  1951        15-19              100.00          216.00          316.00
  1951        20-24              125.00          291.00          416.00
  1951        25-29              170.00          291.00          461.00
  1951        30-34              198.00          315.00          513.00
  1951        35-39              314.00          398.00          712.00
  1951        40-44              404.00          619.00         1023.00
  1951        45-49              551.00          902.00         1453.00
  1951        50-54              700.00         1333.00         2033.00
  1951        55-59             1049.00         1864.00         2913.00
  1951        60-64             1473.00         2387.00         3860.00
  1951        65-69             1965.00         2865.00         4830.00
  1951        70-74             2487.00         2960.00         5447.00
  1951        75-79             2841.00         3020.00         5861.00
  1951        80-84             2551.00         2275.00         4826.00
  1951        85-89             1736.00         1424.00         3160.00
  1951        90-94              723.00          491.00         1214.00
  1951        95-99              174.00           88.00          262.00
  1951       100-104              14.00            8.00           22.00
  1951       105-109               2.00            2.00            4.00
  1951       110+                  2.00            0.00            2.00
  1952           0              1621.00         2171.00         3792.00
  1952         1-4               246.00          380.00          626.00
  1952         5-9               107.00          170.00          277.00
  1952        10-14               71.00          117.00          188.00
  1952        15-19               75.00          190.00          265.00
  1952        20-24              130.00          317.00          447.00
  1952        25-29              161.00          306.00          467.00
  1952        30-34              216.00          315.00          531.00
  1952        35-39              314.00          447.00          761.00
  1952        40-44              390.00          615.00         1005.00
  1952        45-49              564.00          894.00         1458.00
  1952        50-54              742.00         1410.00         2152.00
  1952        55-59              985.00         1860.00         2845.00
  1952        60-64             1404.00         2415.00         3819.00
  1952        65-69             1965.00         2974.00         4939.00
  1952        70-74             2605.00         3117.00         5722.00
  1952        75-79             2648.00         3018.00         5666.00
  1952        80-84             2482.00         2358.00         4840.00
  1952        85-89             1691.00         1380.00         3071.00
  1952        90-94              716.00          504.00         1220.00
  1952        95-99              175.00           92.00          267.00
  1952       100-104              21.00           18.00           39.00
  1952       105-109               1.00            2.00            3.00
  1952       110+                  0.00            1.00            1.00
  1953           0              1595.00         2110.00         3705.00
  1953         1-4               262.00          363.00          625.00
  1953         5-9               100.00          206.00          306.00
  1953        10-14               69.00          141.00          210.00
  1953        15-19               95.00          230.00          325.00
  1953        20-24              123.00          295.00          418.00
  1953        25-29              172.00          293.00          465.00
  1953        30-34              195.00          341.00          536.00
  1953        35-39              306.00          433.00          739.00
  1953        40-44              422.00          623.00         1045.00
  1953        45-49              561.00          920.00         1481.00
  1953        50-54              759.00         1411.00         2170.00
  1953        55-59             1032.00         1840.00         2872.00
  1953        60-64             1415.00         2404.00         3819.00
  1953        65-69             1964.00         2937.00         4901.00
  1953        70-74             2553.00         3344.00         5897.00
  1953        75-79             2861.00         3031.00         5892.00
  1953        80-84             2530.00         2370.00         4900.00
  1953        85-89             1821.00         1434.00         3255.00
  1953        90-94              795.00          526.00         1321.00
  1953        95-99              204.00          116.00          320.00
  1953       100-104              27.00            8.00           35.00
  1953       105-109               3.00            1.00            4.00
  1953       110+                  0.00            0.00            0.00
  1954           0              1498.00         2025.00         3523.00
  1954         1-4               232.00          315.00          547.00
  1954         5-9               116.00          207.00          323.00
  1954        10-14               60.00          118.00          178.00
  1954        15-19               85.00          174.00          259.00
  1954        20-24              114.00          254.00          368.00
  1954        25-29              174.00          307.00          481.00
  1954        30-34              207.00          363.00          570.00
  1954        35-39              282.00          372.00          654.00
  1954        40-44              427.00          646.00         1073.00
  1954        45-49              559.00          837.00         1396.00
  1954        50-54              728.00         1372.00         2100.00
  1954        55-59             1009.00         1843.00         2852.00
  1954        60-64             1437.00         2410.00         3847.00
  1954        65-69             1855.00         2914.00         4769.00
  1954        70-74             2596.00         3393.00         5989.00
  1954        75-79             2775.00         3087.00         5862.00
  1954        80-84             2458.00         2343.00         4801.00
  1954        85-89             1808.00         1464.00         3272.00
  1954        90-94              797.00          505.00         1302.00
  1954        95-99              202.00          106.00          308.00
  1954       100-104              27.00            7.00           34.00
  1954       105-109               3.00            1.00            4.00
  1954       110+                  1.00            0.00            1.00
  1955           0              1559.00         2071.00         3630.00
  1955         1-4               245.00          318.00          563.00
  1955         5-9               117.00          168.00          285.00
  1955        10-14               77.00          120.00          197.00
  1955        15-19               80.00          203.00          283.00
  1955        20-24              104.00          304.00          408.00
  1955        25-29              149.00          298.00          447.00
  1955        30-34              198.00          336.00          534.00
  1955        35-39              270.00          375.00          645.00
  1955        40-44              376.00          624.00         1000.00
  1955        45-49              543.00          926.00         1469.00
  1955        50-54              725.00         1382.00         2107.00
  1955        55-59             1003.00         1866.00         2869.00
  1955        60-64             1285.00         2422.00         3707.00
  1955        65-69             1849.00         3067.00         4916.00
  1955        70-74             2580.00         3547.00         6127.00
  1955        75-79             2815.00         3249.00         6064.00
  1955        80-84             2553.00         2494.00         5047.00
  1955        85-89             1903.00         1473.00         3376.00
  1955        90-94              831.00          542.00         1373.00
  1955        95-99              214.00          125.00          339.00
  1955       100-104              29.00           14.00           43.00
  1955       105-109               3.00            1.00            4.00
  1955       110+                  0.00            0.00            0.00
  1956           0              1561.00         2052.00         3613.00
  1956         1-4               291.00          344.00          635.00
  1956         5-9               109.00          195.00          304.00
  1956        10-14               75.00          110.00          185.00
  1956        15-19               78.00          240.00          318.00
  1956        20-24               99.00          275.00          374.00
  1956        25-29              151.00          317.00          468.00
  1956        30-34              191.00          386.00          577.00
  1956        35-39              251.00          429.00          680.00
  1956        40-44              391.00          587.00          978.00
  1956        45-49              539.00          946.00         1485.00
  1956        50-54              757.00         1425.00         2182.00
  1956        55-59             1051.00         1961.00         3012.00
  1956        60-64             1408.00         2445.00         3853.00
  1956        65-69             1889.00         3217.00         5106.00
  1956        70-74             2631.00         3618.00         6249.00
  1956        75-79             3001.00         3397.00         6398.00
  1956        80-84             2821.00         2629.00         5450.00
  1956        85-89             1882.00         1592.00         3474.00
  1956        90-94              883.00          564.00         1447.00
  1956        95-99              232.00          139.00          371.00
  1956       100-104              27.00           11.00           38.00
  1956       105-109               3.00            0.00            3.00
  1956       110+                  1.00            0.00            1.00
  1957           0              1597.00         2184.00         3781.00
  1957         1-4               293.00          370.00          663.00
  1957         5-9               124.00          224.00          348.00
  1957        10-14               84.00          150.00          234.00
  1957        15-19               90.00          225.00          315.00
  1957        20-24              113.00          312.00          425.00
  1957        25-29              169.00          340.00          509.00
  1957        30-34              204.00          376.00          580.00
  1957        35-39              247.00          477.00          724.00
  1957        40-44              400.00          652.00         1052.00
  1957        45-49              585.00         1079.00         1664.00
  1957        50-54              722.00         1471.00         2193.00
  1957        55-59             1091.00         2023.00         3114.00
  1957        60-64             1434.00         2665.00         4099.00
  1957        65-69             2067.00         3247.00         5314.00
  1957        70-74             2723.00         3653.00         6376.00
  1957        75-79             3128.00         3530.00         6658.00
  1957        80-84             2871.00         2797.00         5668.00
  1957        85-89             1940.00         1551.00         3491.00
  1957        90-94              892.00          606.00         1498.00
  1957        95-99              254.00          132.00          386.00
  1957       100-104              30.00           15.00           45.00
  1957       105-109               2.00            1.00            3.00
  1957       110+                  0.00            0.00            0.00
  1958           0              1642.00         2167.00         3809.00
  1958         1-4               257.00          322.00          579.00
  1958         5-9               131.00          195.00          326.00
  1958        10-14               69.00          139.00          208.00
  1958        15-19               76.00          178.00          254.00
  1958        20-24              114.00          273.00          387.00
  1958        25-29              141.00          325.00          466.00
  1958        30-34              192.00          351.00          543.00
  1958        35-39              283.00          468.00          751.00
  1958        40-44              378.00          677.00         1055.00
  1958        45-49              570.00         1045.00         1615.00
  1958        50-54              751.00         1460.00         2211.00
  1958        55-59             1024.00         2068.00         3092.00
  1958        60-64             1407.00         2589.00         3996.00
  1958        65-69             1994.00         3146.00         5140.00
  1958        70-74             2660.00         3650.00         6310.00
  1958        75-79             2978.00         3584.00         6562.00
  1958        80-84             2830.00         2785.00         5615.00
  1958        85-89             2048.00         1707.00         3755.00
  1958        90-94              952.00          609.00         1561.00
  1958        95-99              261.00          140.00          401.00
  1958       100-104              26.00           13.00           39.00
  1958       105-109               0.00            0.00            0.00
  1958       110+                  1.00            0.00            1.00
  1959           0              1664.00         2115.00         3779.00
  1959         1-4               264.00          307.00          571.00
  1959         5-9               128.00          213.00          341.00
  1959        10-14               77.00          152.00          229.00
  1959        15-19              101.00          233.00          334.00
  1959        20-24              130.00          316.00          446.00
  1959        25-29              143.00          306.00          449.00
  1959        30-34              220.00          347.00          567.00
  1959        35-39              280.00          473.00          753.00
  1959        40-44              363.00          674.00         1037.00
  1959        45-49              564.00         1066.00         1630.00
  1959        50-54              793.00         1506.00         2299.00
  1959        55-59             1036.00         2138.00         3174.00
  1959        60-64             1470.00         2565.00         4035.00
  1959        65-69             2024.00         3185.00         5209.00
  1959        70-74             2832.00         3875.00         6707.00
  1959        75-79             3238.00         3810.00         7048.00
  1959        80-84             3087.00         2907.00         5994.00
  1959        85-89             2138.00         1760.00         3898.00
  1959        90-94             1023.00          611.00         1634.00
  1959        95-99              270.00          128.00          398.00
  1959       100-104              46.00           18.00           64.00
  1959       105-109               2.00            0.00            2.00
  1959       110+                  0.00            2.00            2.00
  1960           0              1592.00         2158.00         3750.00
  1960         1-4               246.00          312.00          558.00
  1960         5-9               136.00          173.00          309.00
  1960        10-14               86.00          165.00          251.00
  1960        15-19               87.00          253.00          340.00
  1960        20-24               89.00          287.00          376.00
  1960        25-29              147.00          292.00          439.00
  1960        30-34              182.00          346.00          528.00
  1960        35-39              310.00          480.00          790.00
  1960        40-44              401.00          586.00          987.00
  1960        45-49              616.00         1170.00         1786.00
  1960        50-54              823.00         1481.00         2304.00
  1960        55-59             1024.00         2175.00         3199.00
  1960        60-64             1513.00         2805.00         4318.00
  1960        65-69             2072.00         3252.00         5324.00
  1960        70-74             2758.00         3865.00         6623.00
  1960        75-79             3266.00         3972.00         7238.00
  1960        80-84             3140.00         3049.00         6189.00
  1960        85-89             2226.00         1774.00         4000.00
  1960        90-94             1011.00          683.00         1694.00
  1960        95-99              288.00          141.00          429.00
  1960       100-104              31.00           13.00           44.00
  1960       105-109               2.00            4.00            6.00
  1960       110+                  0.00            0.00            0.00
  1961           0              1536.00         2093.00         3629.00
  1961         1-4               233.00          324.00          557.00
  1961         5-9               116.00          201.00          317.00
  1961        10-14               89.00          153.00          242.00
  1961        15-19               96.00          249.00          345.00
  1961        20-24              105.00          295.00          400.00
  1961        25-29              148.00          280.00          428.00
  1961        30-34              194.00          328.00          522.00
  1961        35-39              312.00          519.00          831.00
  1961        40-44              368.00          670.00         1038.00
  1961        45-49              589.00         1130.00         1719.00
  1961        50-54              811.00         1595.00         2406.00
  1961        55-59             1010.00         2125.00         3135.00
  1961        60-64             1362.00         2761.00         4123.00
  1961        65-69             2014.00         3245.00         5259.00
  1961        70-74             2685.00         3947.00         6632.00
  1961        75-79             3258.00         3822.00         7080.00
  1961        80-84             3207.00         2956.00         6163.00
  1961        85-89             2228.00         1691.00         3919.00
  1961        90-94             1050.00          724.00         1774.00
  1961        95-99              286.00          143.00          429.00
  1961       100-104              25.00           14.00           39.00
  1961       105-109               3.00            3.00            6.00
  1961       110+                  0.00            1.00            1.00
  1962           0              1569.00         2057.00         3626.00
  1962         1-4               245.00          331.00          576.00
  1962         5-9               123.00          207.00          330.00
  1962        10-14               75.00          169.00          244.00
  1962        15-19              100.00          245.00          345.00
  1962        20-24              102.00          304.00          406.00
  1962        25-29              134.00          294.00          428.00
  1962        30-34              185.00          332.00          517.00
  1962        35-39              285.00          518.00          803.00
  1962        40-44              465.00          688.00         1153.00
  1962        45-49              629.00         1052.00         1681.00
  1962        50-54              810.00         1649.00         2459.00
  1962        55-59             1056.00         2171.00         3227.00
  1962        60-64             1443.00         2854.00         4297.00
  1962        65-69             2038.00         3310.00         5348.00
  1962        70-74             2799.00         3878.00         6677.00
  1962        75-79             3232.00         3897.00         7129.00
  1962        80-84             3306.00         3076.00         6382.00
  1962        85-89             2410.00         1841.00         4251.00
  1962        90-94             1056.00          677.00         1733.00
  1962        95-99              319.00          161.00          480.00
  1962       100-104              41.00           18.00           59.00
  1962       105-109               2.00            3.00            5.00
  1962       110+                  0.00            0.00            0.00
  1963           0              1491.00         2045.00         3536.00
  1963         1-4               246.00          370.00          616.00
  1963         5-9               146.00          206.00          352.00
  1963        10-14               77.00          161.00          238.00
  1963        15-19              114.00          285.00          399.00
  1963        20-24              139.00          319.00          458.00
  1963        25-29              142.00          274.00          416.00
  1963        30-34              186.00          355.00          541.00
  1963        35-39              304.00          540.00          844.00
  1963        40-44              417.00          742.00         1159.00
  1963        45-49              594.00         1082.00         1676.00
  1963        50-54              856.00         1652.00         2508.00
  1963        55-59             1068.00         2208.00         3276.00
  1963        60-64             1461.00         2906.00         4367.00
  1963        65-69             2005.00         3468.00         5473.00
  1963        70-74             2800.00         3968.00         6768.00
  1963        75-79             3367.00         4070.00         7437.00
  1963        80-84             3434.00         3209.00         6643.00
  1963        85-89             2442.00         1978.00         4420.00
  1963        90-94             1172.00          750.00         1922.00
  1963        95-99              325.00          167.00          492.00
  1963       100-104              49.99           15.94           65.93
  1963       105-109               4.00            1.94            5.94
  1963       110+                  0.00            0.11            0.11
  1964           0              1357.00         1900.00         3257.00
  1964         1-4               196.00          304.00          500.00
  1964         5-9               107.00          235.00          342.00
  1964        10-14               85.00          139.00          224.00
  1964        15-19              106.00          286.00          392.00
  1964        20-24              117.00          331.00          448.00
  1964        25-29              129.00          266.00          395.00
  1964        30-34              194.00          337.00          531.00
  1964        35-39              267.00          477.00          744.00
  1964        40-44              419.00          759.00         1178.00
  1964        45-49              550.00         1076.00         1626.00
  1964        50-54              853.00         1688.00         2541.00
  1964        55-59             1107.00         2278.00         3385.00
  1964        60-64             1502.00         2992.00         4494.00
  1964        65-69             1993.00         3328.00         5321.00
  1964        70-74             2737.00         3863.00         6600.00
  1964        75-79             3266.00         3811.00         7077.00
  1964        80-84             3339.00         3157.00         6496.00
  1964        85-89             2381.00         1896.00         4277.00
  1964        90-94             1088.00          718.00         1806.00
  1964        95-99              331.00          169.00          500.00
  1964       100-104              46.29           17.73           64.02
  1964       105-109               3.72            2.16            5.88
  1964       110+                  0.00            0.12            0.12
  1965           0              1228.00         1682.00         2910.00
  1965         1-4               228.00          258.00          486.00
  1965         5-9               117.00          231.00          348.00
  1965        10-14               82.00          143.00          225.00
  1965        15-19              138.00          323.00          461.00
  1965        20-24              122.00          377.00          499.00
  1965        25-29              109.00          266.00          375.00
  1965        30-34              167.00          300.00          467.00
  1965        35-39              283.00          490.00          773.00
  1965        40-44              459.00          779.00         1238.00
  1965        45-49              626.00         1050.00         1676.00
  1965        50-54              911.00         1817.00         2728.00
  1965        55-59             1125.00         2277.00         3402.00
  1965        60-64             1486.00         3091.00         4577.00
  1965        65-69             1980.00         3523.00         5503.00
  1965        70-74             2786.00         4008.00         6794.00
  1965        75-79             3387.00         4029.00         7416.00
  1965        80-84             3468.00         3509.00         6977.00
  1965        85-89             2680.00         2064.00         4744.00
  1965        90-94             1302.00          838.00         2140.00
  1965        95-99              340.00          191.00          531.00
  1965       100-104              40.74           23.05           63.79
  1965       105-109               3.26            2.81            6.07
  1965       110+                  0.00            0.16            0.16
  1966           0              1131.00         1541.00         2672.00
  1966         1-4               220.00          281.00          501.00
  1966         5-9               161.00          193.00          354.00
  1966        10-14               91.00          187.00          278.00
  1966        15-19              138.00          350.00          488.00
  1966        20-24              113.00          351.00          464.00
  1966        25-29              130.00          277.00          407.00
  1966        30-34              180.00          333.00          513.00
  1966        35-39              289.00          480.00          769.00
  1966        40-44              460.00          758.00         1218.00
  1966        45-49              648.00         1155.00         1803.00
  1966        50-54              887.00         1763.00         2650.00
  1966        55-59             1140.00         2359.00         3499.00
  1966        60-64             1561.00         2968.00         4529.00
  1966        65-69             1991.00         3592.00         5583.00
  1966        70-74             2730.00         3984.00         6714.00
  1966        75-79             3452.00         3992.00         7444.00
  1966        80-84             3440.00         3436.00         6876.00
  1966        85-89             2585.00         2101.00         4686.00
  1966        90-94             1259.00          832.00         2091.00
  1966        95-99              361.00          179.00          540.00
  1966       100-104              57.00           22.00           79.00
  1966       105-109               7.00            2.00            9.00
  1966       110+                  0.00            0.00            0.00
  1967           0              1071.00         1450.00         2521.00
  1967         1-4               210.00          311.00          521.00
  1967         5-9               157.00          202.00          359.00
  1967        10-14              118.00          178.00          296.00
  1967        15-19              146.00          407.00          553.00
  1967        20-24              144.00          408.00          552.00
  1967        25-29              121.00          308.00          429.00
  1967        30-34              172.00          301.00          473.00
  1967        35-39              300.00          515.00          815.00
  1967        40-44              481.00          864.00         1345.00
  1967        45-49              614.00         1167.00         1781.00
  1967        50-54              851.00         1802.00         2653.00
  1967        55-59             1171.00         2471.00         3642.00
  1967        60-64             1534.00         3112.00         4646.00
  1967        65-69             2046.00         3718.00         5764.00
  1967        70-74             2768.00         3982.00         6750.00
  1967        75-79             3294.00         4078.00         7372.00
  1967        80-84             3578.00         3342.00         6920.00
  1967        85-89             2657.00         2020.00         4677.00
  1967        90-94             1354.00          837.00         2191.00
  1967        95-99              358.00          190.00          548.00
  1967       100-104              39.00           26.00           65.00
  1967       105-109               3.00            2.00            5.00
  1967       110+                  0.00            0.00            0.00
  1968           0              1037.00         1364.00         2401.00
  1968         1-4               188.00          222.00          410.00
  1968         5-9               128.00          211.00          339.00
  1968        10-14               97.00          170.00          267.00
  1968        15-19              142.00          375.00          517.00
  1968        20-24              137.00          450.00          587.00
  1968        25-29              135.00          306.00          441.00
  1968        30-34              167.00          306.00          473.00
  1968        35-39              273.00          494.00          767.00
  1968        40-44              480.00          803.00         1283.00
  1968        45-49              664.00         1213.00         1877.00
  1968        50-54              910.00         1714.00         2624.00
  1968        55-59             1202.00         2480.00         3682.00
  1968        60-64             1576.00         3124.00         4700.00
  1968        65-69             2028.00         3822.00         5850.00
  1968        70-74             2816.00         4042.00         6858.00
  1968        75-79             3348.00         4049.00         7397.00
  1968        80-84             3677.00         3428.00         7105.00
  1968        85-89             2816.00         2090.00         4906.00
  1968        90-94             1466.00          903.00         2369.00
  1968        95-99              422.00          190.00          612.00
  1968       100-104              52.00           30.00           82.00
  1968       105-109               0.00            4.00            4.00
  1968       110+                  0.00            0.00            0.00
  1969           0               976.00         1326.00         2302.00
  1969         1-4               177.00          210.00          387.00
  1969         5-9               133.00          198.00          331.00
  1969        10-14               91.00          163.00          254.00
  1969        15-19              148.00          371.00          519.00
  1969        20-24              139.00          460.00          599.00
  1969        25-29              148.00          336.00          484.00
  1969        30-34              174.00          328.00          502.00
  1969        35-39              282.00          497.00          779.00
  1969        40-44              482.00          771.00         1253.00
  1969        45-49              777.00         1219.00         1996.00
  1969        50-54              916.00         1715.00         2631.00
  1969        55-59             1257.00         2519.00         3776.00
  1969        60-64             1565.00         3115.00         4680.00
  1969        65-69             2061.00         3901.00         5962.00
  1969        70-74             2708.00         4034.00         6742.00
  1969        75-79             3434.00         3890.00         7324.00
  1969        80-84             3640.00         3400.00         7040.00
  1969        85-89             2860.00         2237.00         5097.00
  1969        90-94             1468.00          891.00         2359.00
  1969        95-99              408.00          182.00          590.00
  1969       100-104              67.00           25.00           92.00
  1969       105-109               8.00            0.00            8.00
  1969       110+                  0.00            0.00            0.00
  1970           0               931.00         1345.00         2276.00
  1970         1-4               170.00          189.00          359.00
  1970         5-9               111.00          197.00          308.00
  1970        10-14               97.00          175.00          272.00
  1970        15-19              166.00          404.00          570.00
  1970        20-24              138.00          449.00          587.00
  1970        25-29              165.00          331.00          496.00
  1970        30-34              198.00          322.00          520.00
  1970        35-39              279.00          482.00          761.00
  1970        40-44              464.00          812.00         1276.00
  1970        45-49              731.00         1273.00         2004.00
  1970        50-54              923.00         1756.00         2679.00
  1970        55-59             1273.00         2524.00         3797.00
  1970        60-64             1511.00         3356.00         4867.00
  1970        65-69             2137.00         3918.00         6055.00
  1970        70-74             2796.00         4183.00         6979.00
  1970        75-79             3507.00         3993.00         7500.00
  1970        80-84             3689.00         3526.00         7215.00
  1970        85-89             3022.00         2218.00         5240.00
  1970        90-94             1459.00          861.00         2320.00
  1970        95-99              405.00          174.00          579.00
  1970       100-104              72.00           30.00          102.00
  1970       105-109               4.00            1.00            5.00
  1970       110+                  0.00            0.00            0.00
  1971           0               845.00         1150.00         1995.00
  1971         1-4               159.00          193.00          352.00
  1971         5-9               133.00          195.00          328.00
  1971        10-14              119.00          167.00          286.00
  1971        15-19              180.00          451.00          631.00
  1971        20-24              173.00          514.00          687.00
  1971        25-29              146.00          338.00          484.00
  1971        30-34              191.00          354.00          545.00
  1971        35-39              287.00          490.00          777.00
  1971        40-44              469.00          819.00         1288.00
  1971        45-49              722.00         1286.00         2008.00
  1971        50-54              901.00         1727.00         2628.00
  1971        55-59             1251.00         2553.00         3804.00
  1971        60-64             1579.00         3223.00         4802.00
  1971        65-69             2150.00         3866.00         6016.00
  1971        70-74             2706.00         3968.00         6674.00
  1971        75-79             3318.00         4045.00         7363.00
  1971        80-84             3679.00         3515.00         7194.00
  1971        85-89             3094.00         2352.00         5446.00
  1971        90-94             1617.00          929.00         2546.00
  1971        95-99              457.00          207.00          664.00
  1971       100-104              72.00           24.00           96.00
  1971       105-109               8.00            1.00            9.00
  1971       110+                  0.00            0.00            0.00
  1972           0               808.00         1107.00         1915.00
  1972         1-4               175.00          219.00          394.00
  1972         5-9               109.00          165.00          274.00
  1972        10-14              102.00          189.00          291.00
  1972        15-19              175.00          549.00          724.00
  1972        20-24              148.00          572.00          720.00
  1972        25-29              168.00          399.00          567.00
  1972        30-34              200.00          339.00          539.00
  1972        35-39              301.00          477.00          778.00
  1972        40-44              467.00          835.00         1302.00
  1972        45-49              724.00         1277.00         2001.00
  1972        50-54              989.00         1864.00         2853.00
  1972        55-59             1346.00         2543.00         3889.00
  1972        60-64             1694.00         3340.00         5034.00
  1972        65-69             2161.00         3973.00         6134.00
  1972        70-74             2891.00         4304.00         7195.00
  1972        75-79             3581.00         4040.00         7621.00
  1972        80-84             3855.00         3528.00         7383.00
  1972        85-89             3278.00         2394.00         5672.00
  1972        90-94             1771.00          976.00         2747.00
  1972        95-99              530.00          233.00          763.00
  1972       100-104              80.00           20.00          100.00
  1972       105-109               6.00            3.00            9.00
  1972       110+                  0.00            0.00            0.00
  1973           0               763.00          983.00         1746.00
  1973         1-4               159.00          179.00          338.00
  1973         5-9               106.00          174.00          280.00
  1973        10-14               90.00          159.00          249.00
  1973        15-19              201.00          587.00          788.00
  1973        20-24              205.00          605.00          810.00
  1973        25-29              195.00          397.00          592.00
  1973        30-34              196.00          354.00          550.00
  1973        35-39              289.00          516.00          805.00
  1973        40-44              442.00          796.00         1238.00
  1973        45-49              740.00         1336.00         2076.00
  1973        50-54             1032.00         1882.00         2914.00
  1973        55-59             1375.00         2547.00         3922.00
  1973        60-64             1708.00         3436.00         5144.00
  1973        65-69             2176.00         3938.00         6114.00
  1973        70-74             2815.00         4341.00         7156.00
  1973        75-79             3671.00         4052.00         7723.00
  1973        80-84             4048.00         3633.00         7681.00
  1973        85-89             3393.00         2469.00         5862.00
  1973        90-94             1831.00         1090.00         2921.00
  1973        95-99              598.00          243.00          841.00
  1973       100-104              80.00           39.00          119.00
  1973       105-109               6.00            1.00            7.00
  1973       110+                  0.00            0.00            0.00
  1974           0               753.00          918.00         1671.00
  1974         1-4               150.00          187.00          337.00
  1974         5-9                88.00          134.00          222.00
  1974        10-14               92.00          166.00          258.00
  1974        15-19              193.00          561.00          754.00
  1974        20-24              184.00          529.00          713.00
  1974        25-29              182.00          413.00          595.00
  1974        30-34              224.00          380.00          604.00
  1974        35-39              269.00          502.00          771.00
  1974        40-44              435.00          789.00         1224.00
  1974        45-49              750.00         1346.00         2096.00
  1974        50-54             1042.00         1982.00         3024.00
  1974        55-59             1275.00         2492.00         3767.00
  1974        60-64             1833.00         3459.00         5292.00
  1974        65-69             2262.00         4053.00         6315.00
  1974        70-74             2912.00         4536.00         7448.00
  1974        75-79             3686.00         4120.00         7806.00
  1974        80-84             4078.00         3599.00         7677.00
  1974        85-89             3490.00         2460.00         5950.00
  1974        90-94             2021.00         1118.00         3139.00
  1974        95-99              561.00          218.00          779.00
  1974       100-104              82.00           19.00          101.00
  1974       105-109               9.00            4.00           13.00
  1974       110+                  0.00            0.00            0.00
  1975           0               690.00          927.00         1617.00
  1975         1-4               118.00          155.00          273.00
  1975         5-9                88.00          140.00          228.00
  1975        10-14              102.00          158.00          260.00
  1975        15-19              165.00          585.00          750.00
  1975        20-24              181.00          551.00          732.00
  1975        25-29              192.00          443.00          635.00
  1975        30-34              196.00          395.00          591.00
  1975        35-39              266.00          494.00          760.00
  1975        40-44              426.00          759.00         1185.00
  1975        45-49              731.00         1277.00         2008.00
  1975        50-54             1077.00         2045.00         3122.00
  1975        55-59             1285.00         2509.00         3794.00
  1975        60-64             1745.00         3467.00         5212.00
  1975        65-69             2360.00         4016.00         6376.00
  1975        70-74             2992.00         4456.00         7448.00
  1975        75-79             3725.00         4206.00         7931.00
  1975        80-84             3979.00         3630.00         7609.00
  1975        85-89             3511.00         2503.00         6014.00
  1975        90-94             1998.00         1110.00         3108.00
  1975        95-99              575.00          243.00          818.00
  1975       100-104              91.00           35.00          126.00
  1975       105-109               3.00            3.00            6.00
  1975       110+                  1.00            0.00            1.00
  1976           0               659.00          860.00         1519.00
  1976         1-4               127.00          172.00          299.00
  1976         5-9                84.00          116.00          200.00
  1976        10-14               75.00          129.00          204.00
  1976        15-19              168.00          487.00          655.00
  1976        20-24              163.00          548.00          711.00
  1976        25-29              171.00          444.00          615.00
  1976        30-34              186.00          377.00          563.00
  1976        35-39              272.00          460.00          732.00
  1976        40-44              376.00          737.00         1113.00
  1976        45-49              668.00         1275.00         1943.00
  1976        50-54             1054.00         2041.00         3095.00
  1976        55-59             1290.00         2510.00         3800.00
  1976        60-64             1766.00         3448.00         5214.00
  1976        65-69             2248.00         4166.00         6414.00
  1976        70-74             2931.00         4630.00         7561.00
  1976        75-79             3661.00         4320.00         7981.00
  1976        80-84             4132.00         3658.00         7790.00
  1976        85-89             3561.00         2424.00         5985.00
  1976        90-94             2077.00         1114.00         3191.00
  1976        95-99              653.00          285.00          938.00
  1976       100-104              96.00           26.00          122.00
  1976       105-109               3.00            3.00            6.00
  1976       110+                  0.00            0.00            0.00
  1977           0               633.00          754.00         1387.00
  1977         1-4               113.00          141.00          254.00
  1977         5-9                74.00          143.00          217.00
  1977        10-14               98.00          143.00          241.00
  1977        15-19              172.00          485.00          657.00
  1977        20-24              166.00          613.00          779.00
  1977        25-29              189.00          439.00          628.00
  1977        30-34              199.00          383.00          582.00
  1977        35-39              265.00          483.00          748.00
  1977        40-44              445.00          697.00         1142.00
  1977        45-49              690.00         1319.00         2009.00
  1977        50-54             1055.00         1955.00         3010.00
  1977        55-59             1437.00         2667.00         4104.00
  1977        60-64             1782.00         3507.00         5289.00
  1977        65-69             2424.00         4280.00         6704.00
  1977        70-74             3023.00         4618.00         7641.00
  1977        75-79             3583.00         4398.00         7981.00
  1977        80-84             4195.00         3522.00         7717.00
  1977        85-89             3696.00         2393.00         6089.00
  1977        90-94             2120.00         1046.00         3166.00
  1977        95-99              660.00          263.00          923.00
  1977       100-104             120.00           30.00          150.00
  1977       105-109               4.00            5.00            9.00
  1977       110+                  0.00            0.00            0.00
  1978           0               578.00          800.00         1378.00
  1978         1-4               110.00          135.00          245.00
  1978         5-9                83.00          116.00          199.00
  1978        10-14               76.00          165.00          241.00
  1978        15-19              152.00          509.00          661.00
  1978        20-24              195.00          578.00          773.00
  1978        25-29              170.00          429.00          599.00
  1978        30-34              205.00          411.00          616.00
  1978        35-39              247.00          445.00          692.00
  1978        40-44              379.00          701.00         1080.00
  1978        45-49              611.00         1217.00         1828.00
  1978        50-54             1042.00         1986.00         3028.00
  1978        55-59             1393.00         2690.00         4083.00
  1978        60-64             1820.00         3343.00         5163.00
  1978        65-69             2425.00         4422.00         6847.00
  1978        70-74             3048.00         4560.00         7608.00
  1978        75-79             3648.00         4448.00         8096.00
  1978        80-84             4092.00         3481.00         7573.00
  1978        85-89             3666.00         2405.00         6071.00
  1978        90-94             2096.00         1126.00         3222.00
  1978        95-99              678.00          294.00          972.00
  1978       100-104              95.00           27.00          122.00
  1978       105-109              15.00            2.00           17.00
  1978       110+                  0.00            0.00            0.00
  1979           0               526.00          723.00         1249.00
  1979         1-4               111.00          148.00          259.00
  1979         5-9                61.00          107.00          168.00
  1979        10-14               67.00          119.00          186.00
  1979        15-19              201.00          524.00          725.00
  1979        20-24              177.00          603.00          780.00
  1979        25-29              177.00          381.00          558.00
  1979        30-34              213.00          417.00          630.00
  1979        35-39              264.00          465.00          729.00
  1979        40-44              383.00          665.00         1048.00
  1979        45-49              630.00         1177.00         1807.00
  1979        50-54              991.00         1879.00         2870.00
  1979        55-59             1512.00         2652.00         4164.00
  1979        60-64             1835.00         3278.00         5113.00
  1979        65-69             2458.00         4334.00         6792.00
  1979        70-74             3014.00         4556.00         7570.00
  1979        75-79             3758.00         4565.00         8323.00
  1979        80-84             4183.00         3596.00         7779.00
  1979        85-89             3682.00         2390.00         6072.00
  1979        90-94             2306.00         1197.00         3503.00
  1979        95-99              714.00          290.00         1004.00
  1979       100-104             105.00           30.00          135.00
  1979       105-109               3.00            1.00            4.00
  1979       110+                  0.00            0.00            0.00
  1980           0               501.00          676.00         1177.00
  1980         1-4               117.00          146.00          263.00
  1980         5-9                72.00          111.00          183.00
  1980        10-14               82.00          113.00          195.00
  1980        15-19              180.00          493.00          673.00
  1980        20-24              183.00          546.00          729.00
  1980        25-29              157.00          446.00          603.00
  1980        30-34              225.00          402.00          627.00
  1980        35-39              289.00          457.00          746.00
  1980        40-44              374.00          633.00         1007.00
  1980        45-49              591.00         1106.00         1697.00
  1980        50-54              970.00         1798.00         2768.00
  1980        55-59             1460.00         2685.00         4145.00
  1980        60-64             1818.00         3209.00         5027.00
  1980        65-69             2447.00         4266.00         6713.00
  1980        70-74             3189.00         4805.00         7994.00
  1980        75-79             3935.00         4795.00         8730.00
  1980        80-84             4320.00         3782.00         8102.00
  1980        85-89             3870.00         2509.00         6379.00
  1980        90-94             2422.00         1161.00         3583.00
  1980        95-99              864.00          348.00         1212.00
  1980       100-104             155.00           31.00          186.00
  1980       105-109               6.00            0.00            6.00
  1980       110+                  1.00            0.00            1.00
  1981           0               446.00          628.00         1074.00
  1981         1-4               109.00          119.00          228.00
  1981         5-9                64.00           90.00          154.00
  1981        10-14               59.00          107.00          166.00
  1981        15-19              140.00          415.00          555.00
  1981        20-24              156.00          539.00          695.00
  1981        25-29              179.00          384.00          563.00
  1981        30-34              194.00          399.00          593.00
  1981        35-39              259.00          425.00          684.00
  1981        40-44              402.00          591.00          993.00
  1981        45-49              587.00         1066.00         1653.00
  1981        50-54             1004.00         1747.00         2751.00
  1981        55-59             1482.00         2641.00         4123.00
  1981        60-64             1904.00         3332.00         5236.00
  1981        65-69             2524.00         4471.00         6995.00
  1981        70-74             3163.00         4684.00         7847.00
  1981        75-79             3845.00         4774.00         8619.00
  1981        80-84             4407.00         3897.00         8304.00
  1981        85-89             3926.00         2532.00         6458.00
  1981        90-94             2483.00         1225.00         3708.00
  1981        95-99              885.00          355.00         1240.00
  1981       100-104             146.00           37.00          183.00
  1981       105-109              13.00            3.00           16.00
  1981       110+                  0.00            0.00            0.00
  1982           0               434.00          607.00         1041.00
  1982         1-4                71.00          130.00          201.00
  1982         5-9                53.00           81.00          134.00
  1982        10-14               63.00          114.00          177.00
  1982        15-19              119.00          412.00          531.00
  1982        20-24              148.00          468.00          616.00
  1982        25-29              177.00          438.00          615.00
  1982        30-34              204.00          372.00          576.00
  1982        35-39              283.00          441.00          724.00
  1982        40-44              396.00          590.00          986.00
  1982        45-49              557.00          930.00         1487.00
  1982        50-54              932.00         1681.00         2613.00
  1982        55-59             1463.00         2620.00         4083.00
  1982        60-64             1873.00         3344.00         5217.00
  1982        65-69             2616.00         4392.00         7008.00
  1982        70-74             3337.00         4983.00         8320.00
  1982        75-79             3971.00         4828.00         8799.00
  1982        80-84             4551.00         3896.00         8447.00
  1982        85-89             4152.00         2528.00         6680.00
  1982        90-94             2609.00         1290.00         3899.00
  1982        95-99              955.00          343.00         1298.00
  1982       100-104             162.00           56.00          218.00
  1982       105-109              22.00            3.00           25.00
  1982       110+                  1.00            2.00            3.00
  1983           0               446.00          567.00         1013.00
  1983         1-4                89.00          115.00          204.00
  1983         5-9                54.00           78.00          132.00
  1983        10-14               56.00           94.00          150.00
  1983        15-19              125.00          321.00          446.00
  1983        20-24              149.00          530.00          679.00
  1983        25-29              142.00          402.00          544.00
  1983        30-34              185.00          394.00          579.00
  1983        35-39              299.00          448.00          747.00
  1983        40-44              385.00          613.00          998.00
  1983        45-49              560.00          925.00         1485.00
  1983        50-54              910.00         1598.00         2508.00
  1983        55-59             1481.00         2591.00         4072.00
  1983        60-64             1898.00         3499.00         5397.00
  1983        65-69             2605.00         4345.00         6950.00
  1983        70-74             3422.00         5066.00         8488.00
  1983        75-79             4053.00         4900.00         8953.00
  1983        80-84             4578.00         4199.00         8777.00
  1983        85-89             4184.00         2624.00         6808.00
  1983        90-94             2702.00         1252.00         3954.00
  1983        95-99             1002.00          352.00         1354.00
  1983       100-104             183.00           66.00          249.00
  1983       105-109              15.00            4.00           19.00
  1983       110+                  1.00            0.00            1.00
  1984           0               441.00          552.00          993.00
  1984         1-4                88.00          122.00          210.00
  1984         5-9                60.00           85.00          145.00
  1984        10-14               66.00           74.00          140.00
  1984        15-19              105.00          312.00          417.00
  1984        20-24              164.00          531.00          695.00
  1984        25-29              163.00          432.00          595.00
  1984        30-34              192.00          383.00          575.00
  1984        35-39              294.00          462.00          756.00
  1984        40-44              377.00          614.00          991.00
  1984        45-49              542.00          883.00         1425.00
  1984        50-54              886.00         1583.00         2469.00
  1984        55-59             1393.00         2412.00         3805.00
  1984        60-64             2117.00         3645.00         5762.00
  1984        65-69             2496.00         4193.00         6689.00
  1984        70-74             3392.00         5139.00         8531.00
  1984        75-79             4144.00         5065.00         9209.00
  1984        80-84             4588.00         4156.00         8744.00
  1984        85-89             4248.00         2577.00         6825.00
  1984        90-94             2817.00         1204.00         4021.00
  1984        95-99             1069.00          355.00         1424.00
  1984       100-104             194.00           65.00          259.00
  1984       105-109              21.00            1.00           22.00
  1984       110+                  1.00            0.00            1.00
  1985           0               415.00          546.00          961.00
  1985         1-4                89.00          112.00          201.00
  1985         5-9                45.00           77.00          122.00
  1985        10-14               68.00           91.00          159.00
  1985        15-19              135.00          290.00          425.00
  1985        20-24              167.00          507.00          674.00
  1985        25-29              164.00          399.00          563.00
  1985        30-34              224.00          437.00          661.00
  1985        35-39              279.00          483.00          762.00
  1985        40-44              388.00          668.00         1056.00
  1985        45-49              560.00          895.00         1455.00
  1985        50-54              863.00         1550.00         2413.00
  1985        55-59             1396.00         2451.00         3847.00
  1985        60-64             2080.00         3559.00         5639.00
  1985        65-69             2628.00         4219.00         6847.00
  1985        70-74             3537.00         5355.00         8892.00
  1985        75-79             4385.00         5132.00         9517.00
  1985        80-84             4699.00         4347.00         9046.00
  1985        85-89             4483.00         2798.00         7281.00
  1985        90-94             2979.00         1404.00         4383.00
  1985        95-99             1176.00          367.00         1543.00
  1985       100-104             218.00           52.00          270.00
  1985       105-109              23.00            4.00           27.00
  1985       110+                  2.00            1.00            3.00
  1986           0               426.00          544.00          970.00
  1986         1-4                92.00          109.00          201.00
  1986         5-9                44.00           77.00          121.00
  1986        10-14               42.00           76.00          118.00
  1986        15-19              118.00          298.00          416.00
  1986        20-24              151.00          422.00          573.00
  1986        25-29              160.00          428.00          588.00
  1986        30-34              204.00          440.00          644.00
  1986        35-39              275.00          547.00          822.00
  1986        40-44              372.00          625.00          997.00
  1986        45-49              582.00          880.00         1462.00
  1986        50-54              899.00         1546.00         2445.00
  1986        55-59             1279.00         2486.00         3765.00
  1986        60-64             2070.00         3668.00         5738.00
  1986        65-69             2679.00         4326.00         7005.00
  1986        70-74             3657.00         5086.00         8743.00
  1986        75-79             4434.00         5242.00         9676.00
  1986        80-84             5049.00         4470.00         9519.00
  1986        85-89             4621.00         2892.00         7513.00
  1986        90-94             3186.00         1352.00         4538.00
  1986        95-99             1246.00          424.00         1670.00
  1986       100-104             251.00           70.00          321.00
  1986       105-109              18.00            1.00           19.00
  1986       110+                  0.00            1.00            1.00
  1987           0               404.00          484.00          888.00
  1987         1-4                99.00          101.00          200.00
  1987         5-9                50.00           57.00          107.00
  1987        10-14               46.00           90.00          136.00
  1987        15-19              116.00          302.00          418.00
  1987        20-24              129.00          452.00          581.00
  1987        25-29              179.00          467.00          646.00
  1987        30-34              187.00          477.00          664.00
  1987        35-39              292.00          526.00          818.00
  1987        40-44              449.00          674.00         1123.00
  1987        45-49              549.00          872.00         1421.00
  1987        50-54              876.00         1374.00         2250.00
  1987        55-59             1329.00         2393.00         3722.00
  1987        60-64             2060.00         3542.00         5602.00
  1987        65-69             2730.00         4419.00         7149.00
  1987        70-74             3539.00         5274.00         8813.00
  1987        75-79             4530.00         5389.00         9919.00
  1987        80-84             4939.00         4547.00         9486.00
  1987        85-89             4655.00         2890.00         7545.00
  1987        90-94             3226.00         1357.00         4583.00
  1987        95-99             1264.00          449.00         1713.00
  1987       100-104             256.00           54.00          310.00
  1987       105-109              20.00            5.00           25.00
  1987       110+                  0.00            0.00            0.00
  1988           0               383.00          527.00          910.00
  1988         1-4               106.00          117.00          223.00
  1988         5-9                54.00           66.00          120.00
  1988        10-14               56.00           76.00          132.00
  1988        15-19              111.00          257.00          368.00
  1988        20-24              151.00          472.00          623.00
  1988        25-29              191.00          471.00          662.00
  1988        30-34              224.00          478.00          702.00
  1988        35-39              282.00          536.00          818.00
  1988        40-44              414.00          667.00         1081.00
  1988        45-49              579.00          887.00         1466.00
  1988        50-54              778.00         1325.00         2103.00
  1988        55-59             1304.00         2293.00         3597.00
  1988        60-64             2061.00         3724.00         5785.00
  1988        65-69             2773.00         4744.00         7517.00
  1988        70-74             3577.00         5339.00         8916.00
  1988        75-79             4602.00         5721.00        10323.00
  1988        80-84             5254.00         4699.00         9953.00
  1988        85-89             4927.00         3347.00         8274.00
  1988        90-94             3439.00         1466.00         4905.00
  1988        95-99             1379.00          451.00         1830.00
  1988       100-104             278.00           64.00          342.00
  1988       105-109              24.00            5.00           29.00
  1988       110+                  0.00            0.00            0.00
  1989           0               441.00          544.00          985.00
  1989         1-4                90.00           94.00          184.00
  1989         5-9                50.00           60.00          110.00
  1989        10-14               46.00           79.00          125.00
  1989        15-19              102.00          337.00          439.00
  1989        20-24              129.00          402.00          531.00
  1989        25-29              176.00          473.00          649.00
  1989        30-34              243.00          507.00          750.00
  1989        35-39              315.00          593.00          908.00
  1989        40-44              436.00          737.00         1173.00
  1989        45-49              635.00          915.00         1550.00
  1989        50-54              825.00         1343.00         2168.00
  1989        55-59             1307.00         2266.00         3573.00
  1989        60-64             1972.00         3544.00         5516.00
  1989        65-69             2963.00         4678.00         7641.00
  1989        70-74             3496.00         5103.00         8599.00
  1989        75-79             4729.00         5748.00        10477.00
  1989        80-84             5369.00         4825.00        10194.00
  1989        85-89             4982.00         3238.00         8220.00
  1989        90-94             3438.00         1468.00         4906.00
  1989        95-99             1413.00          394.00         1807.00
  1989       100-104             304.00           64.00          368.00
  1989       105-109              26.00            7.00           33.00
  1989       110+                  1.00            0.00            1.00
  1990           0               424.00          526.00          950.00
  1990         1-4                61.00          113.00          174.00
  1990         5-9                47.00           57.00          104.00
  1990        10-14               57.00           56.00          113.00
  1990        15-19               99.00          289.00          388.00
  1990        20-24              136.00          393.00          529.00
  1990        25-29              183.00          435.00          618.00
  1990        30-34              260.00          528.00          788.00
  1990        35-39              331.00          624.00          955.00
  1990        40-44              459.00          793.00         1252.00
  1990        45-49              559.00          945.00         1504.00
  1990        50-54              796.00         1416.00         2212.00
  1990        55-59             1227.00         2222.00         3449.00
  1990        60-64             1901.00         3518.00         5419.00
  1990        65-69             2951.00         4643.00         7594.00
  1990        70-74             3509.00         4890.00         8399.00
  1990        75-79             4713.00         5786.00        10499.00
  1990        80-84             5449.00         4888.00        10337.00
  1990        85-89             4977.00         3223.00         8200.00
  1990        90-94             3545.00         1461.00         5006.00
  1990        95-99             1442.00          449.00         1891.00
  1990       100-104             314.00           90.00          404.00
  1990       105-109              22.00            9.00           31.00
  1990       110+                  1.00            1.00            2.00
  1991           0               427.00          526.00          953.00
  1991         1-4                74.00          104.00          178.00
  1991         5-9                54.00           54.00          108.00
  1991        10-14               44.00           75.00          119.00
  1991        15-19              101.00          240.00          341.00
  1991        20-24              119.00          377.00          496.00
  1991        25-29              182.00          495.00          677.00
  1991        30-34              243.00          556.00          799.00
  1991        35-39              291.00          649.00          940.00
  1991        40-44              481.00          762.00         1243.00
  1991        45-49              612.00         1025.00         1637.00
  1991        50-54              782.00         1316.00         2098.00
  1991        55-59             1320.00         2162.00         3482.00
  1991        60-64             1964.00         3404.00         5368.00
  1991        65-69             2979.00         4767.00         7746.00
  1991        70-74             3735.00         5102.00         8837.00
  1991        75-79             4861.00         5850.00        10711.00
  1991        80-84             5476.00         5064.00        10540.00
  1991        85-89             5294.00         3463.00         8757.00
  1991        90-94             3765.00         1596.00         5361.00
  1991        95-99             1559.00          498.00         2057.00
  1991       100-104             346.00           87.00          433.00
  1991       105-109              30.00            4.00           34.00
  1991       110+                  1.00            0.00            1.00
  1992           0               377.00          509.00          886.00
  1992         1-4                76.00           94.00          170.00
  1992         5-9                58.00           73.00          131.00
  1992        10-14               44.00           80.00          124.00
  1992        15-19              111.00          259.00          370.00
  1992        20-24              112.00          348.00          460.00
  1992        25-29              175.00          483.00          658.00
  1992        30-34              202.00          586.00          788.00
  1992        35-39              348.00          719.00         1067.00
  1992        40-44              432.00          849.00         1281.00
  1992        45-49              648.00          998.00         1646.00
  1992        50-54              859.00         1333.00         2192.00
  1992        55-59             1252.00         2135.00         3387.00
  1992        60-64             1944.00         3382.00         5326.00
  1992        65-69             2857.00         4646.00         7503.00
  1992        70-74             3819.00         5289.00         9108.00
  1992        75-79             4756.00         5878.00        10634.00
  1992        80-84             5453.00         5257.00        10710.00
  1992        85-89             5267.00         3544.00         8811.00
  1992        90-94             3719.00         1639.00         5358.00
  1992        95-99             1627.00          470.00         2097.00
  1992       100-104             381.00           77.00          458.00
  1992       105-109              36.00            5.00           41.00
  1992       110+                  0.00            0.00            0.00
  1993           0               394.00          528.00          922.00
  1993         1-4                79.00          118.00          197.00
  1993         5-9                58.00           61.00          119.00
  1993        10-14               55.00           75.00          130.00
  1993        15-19              112.00          236.00          348.00
  1993        20-24              139.00          298.00          437.00
  1993        25-29              157.00          429.00          586.00
  1993        30-34              229.00          608.00          837.00
  1993        35-39              344.00          774.00         1118.00
  1993        40-44              489.00          878.00         1367.00
  1993        45-49              640.00         1152.00         1792.00
  1993        50-54              840.00         1370.00         2210.00
  1993        55-59             1204.00         2065.00         3269.00
  1993        60-64             1963.00         3308.00         5271.00
  1993        65-69             2915.00         4693.00         7608.00
  1993        70-74             4074.00         5770.00         9844.00
  1993        75-79             4939.00         5849.00        10788.00
  1993        80-84             5882.00         5525.00        11407.00
  1993        85-89             5690.00         3668.00         9358.00
  1993        90-94             3884.00         1667.00         5551.00
  1993        95-99             1668.00          491.00         2159.00
  1993       100-104             385.00           92.00          477.00
  1993       105-109              45.00            8.00           53.00
  1993       110+                  3.00            2.00            5.00
  1994           0               384.00          495.00          879.00
  1994         1-4                72.00          108.00          180.00
  1994         5-9                53.00           76.00          129.00
  1994        10-14               62.00           82.00          144.00
  1994        15-19               84.00          233.00          317.00
  1994        20-24              114.00          321.00          435.00
  1994        25-29              142.00          377.00          519.00
  1994        30-34              231.00          569.00          800.00
  1994        35-39              316.00          744.00         1060.00
  1994        40-44              462.00          893.00         1355.00
  1994        45-49              698.00         1071.00         1769.00
  1994        50-54              874.00         1393.00         2267.00
  1994        55-59             1241.00         2001.00         3242.00
  1994        60-64             1844.00         3344.00         5188.00
  1994        65-69             3026.00         4673.00         7699.00
  1994        70-74             4278.00         5972.00        10250.00
  1994        75-79             4990.00         5755.00        10745.00
  1994        80-84             6094.00         5870.00        11964.00
  1994        85-89             5903.00         3808.00         9711.00
  1994        90-94             4209.00         1844.00         6053.00
  1994        95-99             1749.00          495.00         2244.00
  1994       100-104             411.00           84.00          495.00
  1994       105-109              31.00            8.00           39.00
  1994       110+                  3.00            0.00            3.00
  1995           0               389.00          483.00          872.00
  1995         1-4                62.00           82.00          144.00
  1995         5-9                49.00           46.00           95.00
  1995        10-14               67.00           58.00          125.00
  1995        15-19              100.00          212.00          312.00
  1995        20-24               99.00          316.00          415.00
  1995        25-29              162.00          358.00          520.00
  1995        30-34              243.00          601.00          844.00
  1995        35-39              323.00          729.00         1052.00
  1995        40-44              496.00          891.00         1387.00
  1995        45-49              739.00         1168.00         1907.00
  1995        50-54              951.00         1479.00         2430.00
  1995        55-59             1211.00         1921.00         3132.00
  1995        60-64             1919.00         3162.00         5081.00
  1995        65-69             2871.00         4671.00         7542.00
  1995        70-74             4231.00         5960.00        10191.00
  1995        75-79             4957.00         5928.00        10885.00
  1995        80-84             6390.00         5942.00        12332.00
  1995        85-89             6150.00         4007.00        10157.00
  1995        90-94             4324.00         1952.00         6276.00
  1995        95-99             1767.00          539.00         2306.00
  1995       100-104             362.00           67.00          429.00
  1995       105-109              40.00            9.00           49.00
  1995       110+                  0.00            0.00            0.00
  1996           0               342.00          463.00          805.00
  1996         1-4                74.00           95.00          169.00
  1996         5-9                46.00           43.00           89.00
  1996        10-14               43.00           69.00          112.00
  1996        15-19               86.00          193.00          279.00
  1996        20-24              105.00          285.00          390.00
  1996        25-29              134.00          340.00          474.00
  1996        30-34              236.00          535.00          771.00
  1996        35-39              356.00          718.00         1074.00
  1996        40-44              504.00          867.00         1371.00
  1996        45-49              731.00         1100.00         1831.00
  1996        50-54              906.00         1441.00         2347.00
  1996        55-59             1300.00         1967.00         3267.00
  1996        60-64             1807.00         2979.00         4786.00
  1996        65-69             2772.00         4593.00         7365.00
  1996        70-74             4242.00         6120.00        10362.00
  1996        75-79             5245.00         6055.00        11300.00
  1996        80-84             6479.00         6031.00        12510.00
  1996        85-89             6244.00         4171.00        10415.00
  1996        90-94             4473.00         1999.00         6472.00
  1996        95-99             1890.00          544.00         2434.00
  1996       100-104             372.00           65.00          437.00
  1996       105-109              39.00            3.00           42.00
  1996       110+                  1.00            0.00            1.00
  1997           0               320.00          416.00          736.00
  1997         1-4                64.00           89.00          153.00
  1997         5-9                35.00           49.00           84.00
  1997        10-14               50.00           68.00          118.00
  1997        15-19               99.00          235.00          334.00
  1997        20-24              100.00          262.00          362.00
  1997        25-29              134.00          285.00          419.00
  1997        30-34              197.00          475.00          672.00
  1997        35-39              314.00          657.00          971.00
  1997        40-44              484.00          834.00         1318.00
  1997        45-49              706.00         1084.00         1790.00
  1997        50-54              903.00         1476.00         2379.00
  1997        55-59             1194.00         2001.00         3195.00
  1997        60-64             1833.00         2903.00         4736.00
  1997        65-69             2719.00         4505.00         7224.00
  1997        70-74             4236.00         5907.00        10143.00
  1997        75-79             5354.00         6453.00        11807.00
  1997        80-84             6521.00         6092.00        12613.00
  1997        85-89             6481.00         4253.00        10734.00
  1997        90-94             4767.00         1987.00         6754.00
  1997        95-99             1934.00          568.00         2502.00
  1997       100-104             422.00           82.00          504.00
  1997       105-109              39.00           12.00           51.00
  1997       110+                  1.00            0.00            1.00
  1998           0               305.00          362.00          667.00
  1998         1-4                61.00           75.00          136.00
  1998         5-9                45.00           52.00           97.00
  1998        10-14               55.00           72.00          127.00
  1998        15-19               87.00          203.00          290.00
  1998        20-24               89.00          277.00          366.00
  1998        25-29              109.00          278.00          387.00
  1998        30-34              188.00          427.00          615.00
  1998        35-39              335.00          631.00          966.00
  1998        40-44              498.00          829.00         1327.00
  1998        45-49              726.00         1006.00         1732.00
  1998        50-54             1007.00         1455.00         2462.00
  1998        55-59             1243.00         1952.00         3195.00
  1998        60-64             1743.00         2816.00         4559.00
  1998        65-69             2719.00         4410.00         7129.00
  1998        70-74             4180.00         5906.00        10086.00
  1998        75-79             5597.00         6629.00        12226.00
  1998        80-84             6472.00         6046.00        12518.00
  1998        85-89             6638.00         4592.00        11230.00
  1998        90-94             4844.00         2063.00         6907.00
  1998        95-99             1995.00          580.00         2575.00
  1998       100-104             459.00           79.00          538.00
  1998       105-109              41.00            4.00           45.00
  1998       110+                  4.00            0.00            4.00
  1999           0               320.00          385.00          705.00
  1999         1-4                68.00           70.00          138.00
  1999         5-9                44.00           60.00          104.00
  1999        10-14               33.00           61.00           94.00
  1999        15-19               84.00          200.00          284.00
  1999        20-24               84.00          255.00          339.00
  1999        25-29              114.00          272.00          386.00
  1999        30-34              178.00          382.00          560.00
  1999        35-39              373.00          602.00          975.00
  1999        40-44              488.00          826.00         1314.00
  1999        45-49              704.00         1054.00         1758.00
  1999        50-54             1018.00         1573.00         2591.00
  1999        55-59             1297.00         2029.00         3326.00
  1999        60-64             1719.00         2710.00         4429.00
  1999        65-69             2636.00         4154.00         6790.00
  1999        70-74             3896.00         5853.00         9749.00
  1999        75-79             5846.00         6922.00        12768.00
  1999        80-84             6315.00         6003.00        12318.00
  1999        85-89             6957.00         4907.00        11864.00
  1999        90-94             5077.00         2235.00         7312.00
  1999        95-99             2278.00          690.00         2968.00
  1999       100-104             501.00           74.00          575.00
  1999       105-109              40.00            3.00           43.00
  1999       110+                  5.00            0.00            5.00
  2000           0               336.00          377.00          713.00
  2000         1-4                46.00           61.00          107.00
  2000         5-9                32.00           64.00           96.00
  2000        10-14               43.00           61.00          104.00
  2000        15-19               90.00          214.00          304.00
  2000        20-24              112.00          269.00          381.00
  2000        25-29              134.00          281.00          415.00
  2000        30-34              173.00          398.00          571.00
  2000        35-39              317.00          610.00          927.00
  2000        40-44              528.00          788.00         1316.00
  2000        45-49              678.00         1173.00         1851.00
  2000        50-54             1117.00         1603.00         2720.00
  2000        55-59             1289.00         1999.00         3288.00
  2000        60-64             1701.00         2832.00         4533.00
  2000        65-69             2620.00         4094.00         6714.00
  2000        70-74             4053.00         5703.00         9756.00
  2000        75-79             5820.00         6796.00        12616.00
  2000        80-84             6453.00         6048.00        12501.00
  2000        85-89             7042.00         4813.00        11855.00
  2000        90-94             5067.00         2244.00         7311.00
  2000        95-99             2070.00          601.00         2671.00
  2000       100-104             421.00           86.00          507.00
  2000       105-109              37.00            4.00           41.00
  2000       110+                  0.00            0.00            0.00
  2001           0               309.00          405.00          714.00
  2001         1-4                62.00           73.00          135.00
  2001         5-9                46.00           50.00           96.00
  2001        10-14               52.00           68.00          120.00
  2001        15-19              100.00          215.00          315.00
  2001        20-24               99.00          261.00          360.00
  2001        25-29              128.00          294.00          422.00
  2001        30-34              192.00          335.00          527.00
  2001        35-39              359.00          571.00          930.00
  2001        40-44              537.00          833.00         1370.00
  2001        45-49              760.00         1208.00         1968.00
  2001        50-54             1056.00         1684.00         2740.00
  2001        55-59             1278.00         2089.00         3367.00
  2001        60-64             1668.00         2689.00         4357.00
  2001        65-69             2638.00         3900.00         6538.00
  2001        70-74             3984.00         5471.00         9455.00
  2001        75-79             5822.00         6788.00        12610.00
  2001        80-84             6622.00         6092.00        12714.00
  2001        85-89             6983.00         4733.00        11716.00
  2001        90-94             5072.00         2318.00         7390.00
  2001        95-99             2148.00          655.00         2803.00
  2001       100-104             472.00           77.00          549.00
  2001       105-109              30.00            2.00           32.00
  2001       110+                  2.00            0.00            2.00
  2002           0               308.00          373.00          681.00
  2002         1-4                57.00           60.00          117.00
  2002         5-9                42.00           54.00           96.00
  2002        10-14               38.00           65.00          103.00
  2002        15-19               99.00          210.00          309.00
  2002        20-24               98.00          274.00          372.00
  2002        25-29              113.00          253.00          366.00
  2002        30-34              203.00          340.00          543.00
  2002        35-39              338.00          524.00          862.00
  2002        40-44              550.00          861.00         1411.00
  2002        45-49              749.00         1199.00         1948.00
  2002        50-54             1039.00         1661.00         2700.00
  2002        55-59             1443.00         2197.00         3640.00
  2002        60-64             1814.00         2850.00         4664.00
  2002        65-69             2555.00         3883.00         6438.00
  2002        70-74             3824.00         5429.00         9253.00
  2002        75-79             5791.00         6773.00        12564.00
  2002        80-84             6879.00         6342.00        13221.00
  2002        85-89             7117.00         4867.00        11984.00
  2002        90-94             5205.00         2326.00         7531.00
  2002        95-99             2242.00          638.00         2880.00
  2002       100-104             433.00           70.00          503.00
  2002       105-109              46.00            3.00           49.00
  2002       110+                  0.00            0.00            0.00
  2003           0               324.00          368.00          692.00
  2003         1-4                39.00           63.00          102.00
  2003         5-9                21.00           54.00           75.00
  2003        10-14               44.00           62.00          106.00
  2003        15-19               86.00          220.00          306.00
  2003        20-24              106.00          267.00          373.00
  2003        25-29              127.00          259.00          386.00
  2003        30-34              183.00          358.00          541.00
  2003        35-39              301.00          532.00          833.00
  2003        40-44              533.00          855.00         1388.00
  2003        45-49              806.00         1267.00         2073.00
  2003        50-54             1133.00         1762.00         2895.00
  2003        55-59             1477.00         2249.00         3726.00
  2003        60-64             1903.00         2952.00         4855.00
  2003        65-69             2578.00         3816.00         6394.00
  2003        70-74             3827.00         5513.00         9340.00
  2003        75-79             5628.00         6785.00        12413.00
  2003        80-84             7179.00         6843.00        14022.00
  2003        85-89             7168.00         5031.00        12199.00
  2003        90-94             5325.00         2571.00         7896.00
  2003        95-99             2323.00          689.00         3012.00
  2003       100-104             460.00           72.00          532.00
  2003       105-109              37.00           11.00           48.00
  2003       110+                  1.00            0.00            1.00
  2004           0               338.00          397.00          735.00
  2004         1-4                61.00           69.00          130.00
  2004         5-9                27.00           47.00           74.00
  2004        10-14               34.00           55.00           89.00
  2004        15-19               77.00          205.00          282.00
  2004        20-24              115.00          286.00          401.00
  2004        25-29              120.00          288.00          408.00
  2004        30-34              159.00          336.00          495.00
  2004        35-39              301.00          524.00          825.00
  2004        40-44              505.00          847.00         1352.00
  2004        45-49              775.00         1191.00         1966.00
  2004        50-54             1127.00         1687.00         2814.00
  2004        55-59             1473.00         2336.00         3809.00
  2004        60-64             1880.00         2874.00         4754.00
  2004        65-69             2478.00         3717.00         6195.00
  2004        70-74             3703.00         5265.00         8968.00
  2004        75-79             5481.00         6553.00        12034.00
  2004        80-84             7467.00         6992.00        14459.00
  2004        85-89             6915.00         4745.00        11660.00
  2004        90-94             5431.00         2616.00         8047.00
  2004        95-99             2354.00          703.00         3057.00
  2004       100-104             474.00           81.00          555.00
  2004       105-109              35.00            2.00           37.00
  2004       110+                  1.00            0.00            1.00
  2005           0               352.00          393.00          745.00
  2005         1-4                43.00           46.00           89.00
  2005         5-9                27.00           49.00           76.00
  2005        10-14               39.00           65.00          104.00
  2005        15-19              103.00          220.00          323.00
  2005        20-24              103.00          284.00          387.00
  2005        25-29               92.00          266.00          358.00
  2005        30-34              183.00          353.00          536.00
  2005        35-39              281.00          478.00          759.00
  2005        40-44              554.00          872.00         1426.00
  2005        45-49              826.00         1256.00         2082.00
  2005        50-54             1166.00         1719.00         2885.00
  2005        55-59             1519.00         2360.00         3879.00
  2005        60-64             1918.00         2801.00         4719.00
  2005        65-69             2473.00         3670.00         6143.00
  2005        70-74             3728.00         5079.00         8807.00
  2005        75-79             5543.00         6628.00        12171.00
  2005        80-84             7711.00         7128.00        14839.00
  2005        85-89             7520.00         5160.00        12680.00
  2005        90-94             5899.00         2722.00         8621.00
  2005        95-99             2558.00          776.00         3334.00
  2005       100-104             494.00           95.00          589.00
  2005       105-109              46.00            8.00           54.00
  2005       110+                  1.00            1.00            2.00
  2006           0               284.00          390.00          674.00
  2006         1-4                52.00           53.00          105.00
  2006         5-9                31.00           44.00           75.00
  2006        10-14               39.00           51.00           90.00
  2006        15-19               90.00          215.00          305.00
  2006        20-24              111.00          307.00          418.00
  2006        25-29              126.00          253.00          379.00
  2006        30-34              161.00          309.00          470.00
  2006        35-39              285.00          451.00          736.00
  2006        40-44              502.00          820.00         1322.00
  2006        45-49              795.00         1277.00         2072.00
  2006        50-54             1229.00         1786.00         3015.00
  2006        55-59             1511.00         2378.00         3889.00
  2006        60-64             1940.00         2997.00         4937.00
  2006        65-69             2396.00         3530.00         5926.00
  2006        70-74             3509.00         4862.00         8371.00
  2006        75-79             5302.00         6488.00        11790.00
  2006        80-84             7342.00         7048.00        14390.00
  2006        85-89             7387.00         5327.00        12714.00
  2006        90-94             5841.00         3022.00         8863.00
  2006        95-99             2503.00          751.00         3254.00
  2006       100-104             556.00          113.00          669.00
  2006       105-109              46.00            4.00           50.00
  2006       110+                  2.00            0.00            2.00
  2007           0               317.00          406.00          723.00
  2007         1-4                43.00           61.00          104.00
  2007         5-9                38.00           33.00           71.00
  2007        10-14               35.00           49.00           84.00
  2007        15-19               96.00          219.00          315.00
  2007        20-24              107.00          312.00          419.00
  2007        25-29              122.00          279.00          401.00
  2007        30-34              164.00          291.00          455.00
  2007        35-39              263.00          445.00          708.00
  2007        40-44              511.00          822.00         1333.00
  2007        45-49              850.00         1301.00         2151.00
  2007        50-54             1156.00         1830.00         2986.00
  2007        55-59             1519.00         2513.00         4032.00
  2007        60-64             1996.00         3070.00         5066.00
  2007        65-69             2512.00         3666.00         6178.00
  2007        70-74             3561.00         4886.00         8447.00
  2007        75-79             5197.00         6582.00        11779.00
  2007        80-84             7558.00         7344.00        14902.00
  2007        85-89             8194.00         5745.00        13939.00
  2007        90-94             6062.00         2985.00         9047.00
  2007        95-99             2612.00          854.00         3466.00
  2007       100-104             560.00          111.00          671.00
  2007       105-109              53.00            6.00           59.00
  2007       110+                  0.00            0.00            0.00
  2008           0               326.00          429.00          755.00
  2008         1-4                42.00           48.00           90.00
  2008         5-9                22.00           30.00           52.00
  2008        10-14               27.00           53.00           80.00
  2008        15-19               86.00          177.00          263.00
  2008        20-24               97.00          287.00          384.00
  2008        25-29              122.00          258.00          380.00
  2008        30-34              164.00          279.00          443.00
  2008        35-39              269.00          412.00          681.00
  2008        40-44              473.00          748.00         1221.00
  2008        45-49              855.00         1220.00         2075.00
  2008        50-54             1156.00         1940.00         3096.00
  2008        55-59             1603.00         2483.00         4086.00
  2008        60-64             2054.00         3229.00         5283.00
  2008        65-69             2589.00         3696.00         6285.00
  2008        70-74             3460.00         4750.00         8210.00
  2008        75-79             5102.00         6271.00        11373.00
  2008        80-84             7373.00         7445.00        14818.00
  2008        85-89             8523.00         6181.00        14704.00
  2008        90-94             6074.00         3191.00         9265.00
  2008        95-99             2851.00          906.00         3757.00
  2008       100-104             573.00          122.00          695.00
  2008       105-109              48.00            5.00           53.00
  2008       110+                  1.00            0.00            1.00
  2009           0               322.00          383.00          705.00
  2009         1-4                30.00           66.00           96.00
  2009         5-9                28.00           38.00           66.00
  2009        10-14               34.00           55.00           89.00
  2009        15-19               88.00          203.00          291.00
  2009        20-24               96.00          275.00          371.00
  2009        25-29              138.00          267.00          405.00
  2009        30-34              169.00          313.00          482.00
  2009        35-39              278.00          429.00          707.00
  2009        40-44              473.00          722.00         1195.00
  2009        45-49              865.00         1281.00         2146.00
  2009        50-54             1195.00         1911.00         3106.00
  2009        55-59             1615.00         2455.00         4070.00
  2009        60-64             2094.00         3149.00         5243.00
  2009        65-69             2485.00         3788.00         6273.00
  2009        70-74             3478.00         4700.00         8178.00
  2009        75-79             4988.00         6314.00        11302.00
  2009        80-84             7411.00         7519.00        14930.00
  2009        85-89             8610.00         6384.00        14994.00
  2009        90-94             6080.00         3173.00         9253.00
  2009        95-99             2884.00          956.00         3840.00
  2009       100-104             548.00          124.00          672.00
  2009       105-109              47.00            6.00           53.00
  2009       110+                  3.00            0.00            3.00
  2010           0               308.00          387.00          695.00
  2010         1-4                42.00           61.00          103.00
  2010         5-9                21.00           27.00           48.00
  2010        10-14               35.00           33.00           68.00
  2010        15-19               81.00          206.00          287.00
  2010        20-24              100.00          285.00          385.00
  2010        25-29              130.00          286.00          416.00
  2010        30-34              159.00          323.00          482.00
  2010        35-39              269.00          428.00          697.00
  2010        40-44              456.00          685.00         1141.00
  2010        45-49              825.00         1315.00         2140.00
  2010        50-54             1231.00         1850.00         3081.00
  2010        55-59             1622.00         2492.00         4114.00
  2010        60-64             2142.00         3353.00         5495.00
  2010        65-69             2616.00         3825.00         6441.00
  2010        70-74             3400.00         4481.00         7881.00
  2010        75-79             4932.00         6163.00        11095.00
  2010        80-84             7068.00         7425.00        14493.00
  2010        85-89             8815.00         6640.00        15455.00
  2010        90-94             6421.00         3256.00         9677.00
  2010        95-99             3140.00         1091.00         4231.00
  2010       100-104             663.00          137.00          800.00
  2010       105-109              53.00            4.00           57.00
  2010       110+                  0.00            0.00            0.00
  2011           0               288.00          376.00          664.00
  2011         1-4                35.00           51.00           86.00
  2011         5-9                24.00           35.00           59.00
  2011        10-14               32.00           55.00           87.00
  2011        15-19               92.00          163.00          255.00
  2011        20-24              112.00          282.00          394.00
  2011        25-29              135.00          268.00          403.00
  2011        30-34              181.00          316.00          497.00
  2011        35-39              238.00          386.00          624.00
  2011        40-44              407.00          643.00         1050.00
  2011        45-49              796.00         1168.00         1964.00
  2011        50-54             1256.00         1862.00         3118.00
  2011        55-59             1615.00         2554.00         4169.00
  2011        60-64             2154.00         3441.00         5595.00
  2011        65-69             2691.00         3896.00         6587.00
  2011        70-74             3356.00         4628.00         7984.00
  2011        75-79             4896.00         5988.00        10884.00
  2011        80-84             7145.00         7276.00        14421.00
  2011        85-89             8835.00         6804.00        15639.00
  2011        90-94             6863.00         3600.00        10463.00
  2011        95-99             3104.00         1092.00         4196.00
  2011       100-104             641.00          127.00          768.00
  2011       105-109              55.00            9.00           64.00
  2011       110+                  4.99            0.00            4.99
  2012           0               316.00          368.00          684.00
  2012         1-4                38.00           53.00           91.00
  2012         5-9                24.00           24.00           48.00
  2012        10-14               46.00           32.00           78.00
  2012        15-19               82.00          183.00          265.00
  2012        20-24              119.00          317.00          436.00
  2012        25-29              119.00          321.00          440.00
  2012        30-34              177.00          313.00          490.00
  2012        35-39              256.00          364.00          620.00
  2012        40-44              422.00          654.00         1076.00
  2012        45-49              717.00         1111.00         1828.00
  2012        50-54             1216.00         1948.00         3164.00
  2012        55-59             1755.00         2585.00         4340.00
  2012        60-64             2245.00         3320.00         5565.00
  2012        65-69             2803.00         4033.00         6836.00
  2012        70-74             3327.00         4654.00         7981.00
  2012        75-79             4607.00         5949.00        10556.00
  2012        80-84             6925.00         7322.00        14247.00
  2012        85-89             8784.00         6757.00        15541.00
  2012        90-94             7229.00         3936.00        11165.00
  2012        95-99             3210.00         1193.00         4403.00
  2012       100-104             690.00          128.00          818.00
  2012       105-109              56.00           10.00           66.00
  2012       110+                  1.00            1.00            2.00
  2013           0               291.00          390.00          681.00
  2013         1-4                45.00           56.00          101.00
  2013         5-9                20.00           33.00           53.00
  2013        10-14               40.00           47.00           87.00
  2013        15-19               69.00          141.00          210.00
  2013        20-24              111.00          272.00          383.00
  2013        25-29              153.00          269.00          422.00
  2013        30-34              160.00          319.00          479.00
  2013        35-39              239.00          382.00          621.00
  2013        40-44              404.00          599.00         1003.00
  2013        45-49              741.00         1108.00         1849.00
  2013        50-54             1156.00         1864.00         3020.00
  2013        55-59             1665.00         2754.00         4419.00
  2013        60-64             2216.00         3455.00         5671.00
  2013        65-69             2856.00         4164.00         7020.00
  2013        70-74             3599.00         4906.00         8505.00
  2013        75-79             4846.00         5779.00        10625.00
  2013        80-84             6916.00         7536.00        14452.00
  2013        85-89             8840.00         7117.00        15957.00
  2013        90-94             7793.00         4298.00        12091.00
  2013        95-99             3366.00         1270.00         4636.00
  2013       100-104             778.00          196.00          974.00
  2013       105-109              71.00           10.00           81.00
  2013       110+                  3.00            0.00            3.00
  2014           0               290.00          351.00          641.00
  2014         1-4                38.00           35.00           73.00
  2014         5-9                33.00           25.00           58.00
  2014        10-14               38.00           43.00           81.00
  2014        15-19               66.00          147.00          213.00
  2014        20-24              104.00          282.00          386.00
  2014        25-29              164.00          323.00          487.00
  2014        30-34              184.00          357.00          541.00
  2014        35-39              258.00          412.00          670.00
  2014        40-44              407.00          620.00         1027.00
  2014        45-49              678.00         1042.00         1720.00
  2014        50-54             1220.00         1851.00         3071.00
  2014        55-59             1860.00         2707.00         4567.00
  2014        60-64             2285.00         3551.00         5836.00
  2014        65-69             2923.00         4499.00         7422.00
  2014        70-74             3708.00         4972.00         8680.00
  2014        75-79             4684.00         6032.00        10716.00
  2014        80-84             6912.00         7557.00        14469.00
  2014        85-89             8955.00         7456.00        16411.00
  2014        90-94             8321.00         4717.00        13038.00
  2014        95-99             3485.00         1263.00         4748.00
  2014       100-104             824.00          179.00         1003.00
  2014       105-109              68.00            9.00           77.00
  2014       110+                  4.00            0.00            4.00
  2015           0               288.00          330.00          618.00
  2015         1-4                32.00           60.00           92.00
  2015         5-9                27.00           27.00           54.00
  2015        10-14               40.00           45.00           85.00
  2015        15-19               86.00          123.00          209.00
  2015        20-24              126.00          311.00          437.00
  2015        25-29              159.00          323.00          482.00
  2015        30-34              229.00          335.00          564.00
  2015        35-39              239.00          404.00          643.00
  2015        40-44              406.00          591.00          997.00
  2015        45-49              652.00          962.00         1614.00
  2015        50-54             1276.00         1819.00         3095.00
  2015        55-59             1781.00         2729.00         4510.00
  2015        60-64             2362.00         3626.00         5988.00
  2015        65-69             3186.00         4469.00         7655.00
  2015        70-74             3799.00         5018.00         8817.00
  2015        75-79             4835.00         5897.00        10732.00
  2015        80-84             6895.00         7498.00        14393.00
  2015        85-89             8834.00         7602.00        16436.00
  2015        90-94             8690.00         4930.00        13620.00
  2015        95-99             3748.00         1354.00         5102.00
  2015       100-104             884.00          209.00         1093.00
  2015       105-109              75.00            6.00           81.00
  2015       110+                  4.00            1.00            5.00
  2016           0               289.00          370.00          659.00
  2016         1-4                42.00           54.00           96.00
  2016         5-9                27.00           28.00           55.00
  2016        10-14               36.00           53.00           89.00
  2016        15-19               70.00          147.00          217.00
  2016        20-24              112.00          312.00          424.00
  2016        25-29              157.00          357.00          514.00
  2016        30-34              226.00          401.00          627.00
  2016        35-39              272.00          429.00          701.00
  2016        40-44              423.00          645.00         1068.00
  2016        45-49              684.00          979.00         1663.00
  2016        50-54             1235.00         1841.00         3076.00
  2016        55-59             1818.00         2840.00         4658.00
  2016        60-64             2431.00         3737.00         6168.00
  2016        65-69             3278.00         4728.00         8006.00
  2016        70-74             4045.00         5238.00         9283.00
  2016        75-79             4959.00         6019.00        10978.00
  2016        80-84             6831.00         7285.00        14116.00
  2016        85-89             8755.00         7752.00        16507.00
  2016        90-94             8541.00         5142.00        13683.00
  2016        95-99             4056.00         1571.00         5627.00
  2016       100-104             906.00          213.00         1119.00
  2016       105-109              72.00           11.00           83.00
  2016       110+                  2.00            0.00            2.00
  2017           0               317.00          345.00          662.00
  2017         1-4                37.00           64.00          101.00
  2017         5-9                25.00           23.00           48.00
  2017        10-14               40.00           32.00           72.00
  2017        15-19               67.00          169.00          236.00
  2017        20-24              159.00          342.00          501.00
  2017        25-29              189.00          465.00          654.00
  2017        30-34              210.00          500.00          710.00
  2017        35-39              280.00          544.00          824.00
  2017        40-44              386.00          622.00         1008.00
  2017        45-49              654.00         1042.00         1696.00
  2017        50-54             1141.00         1786.00         2927.00
  2017        55-59             1848.00         2783.00         4631.00
  2017        60-64             2494.00         3921.00         6415.00
  2017        65-69             3285.00         4638.00         7923.00
  2017        70-74             4279.00         5791.00        10070.00
  2017        75-79             4992.00         6265.00        11257.00
  2017        80-84             6900.00         7657.00        14557.00
  2017        85-89             8957.00         8115.00        17072.00
  2017        90-94             9031.00         5501.00        14532.00
  2017        95-99             4632.00         1858.00         6490.00
  2017       100-104             995.00          257.00         1252.00
  2017       105-109              88.00           15.00          103.00
  2017       110+                  3.00            1.00            4.00
  2018           0               303.00          353.00          656.00
  2018         1-4                40.00           54.00           94.00
  2018         5-9                29.00           38.00           67.00
  2018        10-14               39.00           44.00           83.00
  2018        15-19               91.00          158.00          249.00
  2018        20-24              144.00          351.00          495.00
  2018        25-29              209.00          446.00          655.00
  2018        30-34              268.00          506.00          774.00
  2018        35-39              302.00          547.00          849.00
  2018        40-44              409.00          716.00         1125.00
  2018        45-49              657.00         1058.00         1715.00
  2018        50-54             1109.00         1788.00         2897.00
  2018        55-59             1848.00         2836.00         4684.00
  2018        60-64             2523.00         3969.00         6492.00
  2018        65-69             3342.00         4912.00         8254.00
  2018        70-74             4458.00         5798.00        10256.00
  2018        75-79             5238.00         6683.00        11921.00
  2018        80-84             7084.00         7720.00        14804.00
  2018        85-89             9250.00         8368.00        17618.00
  2018        90-94             9344.00         5811.00        15155.00
  2018        95-99             5065.00         2001.00         7066.00
  2018       100-104            1013.00          244.00         1257.00
  2018       105-109             101.00           16.00          117.00
  2018       110+                  2.99            0.00            2.99
  2019           0               293.00          350.00          643.00
  2019         1-4                41.00           47.00           88.00
  2019         5-9                30.00           33.00           63.00
  2019        10-14               28.00           45.00           73.00
  2019        15-19               91.00          176.00          267.00
  2019        20-24              137.00          347.00          484.00
  2019        25-29              182.00          471.00          653.00
  2019        30-34              275.00          509.00          784.00
  2019        35-39              332.00          574.00          906.00
  2019        40-44              410.00          707.00         1117.00
  2019        45-49              618.00          993.00         1611.00
  2019        50-54             1111.00         1652.00         2763.00
  2019        55-59             1792.00         2996.00         4788.00
  2019        60-64             2495.00         3984.00         6479.00
  2019        65-69             3330.00         5017.00         8347.00
  2019        70-74             4405.00         6159.00        10564.00
  2019        75-79             5235.00         6527.00        11762.00
  2019        80-84             6964.00         7762.00        14726.00
  2019        85-89             8963.00         8446.00        17409.00
  2019        90-94             9227.00         5875.00        15102.00
  2019        95-99             5250.00         2184.00         7434.00
  2019       100-104            1086.00          265.00         1351.00
  2019       105-109             118.00           12.00          130.00
  2019       110+                  5.01            1.00            6.01
  2020           0               239.00          348.00          587.00
  2020         1-4                33.00           50.00           83.00
  2020         5-9                20.00           22.00           42.00
  2020        10-14               35.00           49.00           84.00
  2020        15-19               79.00          155.00          234.00
  2020        20-24              167.00          383.00          550.00
  2020        25-29              235.00          613.00          848.00
  2020        30-34              317.00          681.00          998.00
  2020        35-39              373.00          738.00         1111.00
  2020        40-44              480.00          872.00         1352.00
  2020        45-49              657.00         1109.00         1766.00
  2020        50-54             1099.00         1822.00         2921.00
  2020        55-59             2002.00         3125.00         5127.00
  2020        60-64             2735.00         4319.00         7054.00
  2020        65-69             3571.00         5243.00         8814.00
  2020        70-74             4730.00         6636.00        11366.00
  2020        75-79             5739.00         7313.00        13052.00
  2020        80-84             7348.00         8310.00        15658.00
  2020        85-89             9427.00         8852.00        18279.00
  2020        90-94             9833.00         6471.00        16304.00
  2020        95-99             5674.00         2413.00         8087.00
  2020       100-104            1209.00          269.00         1478.00
  2020       105-109             135.00           19.00          154.00
  2020       110+                  9.02            0.00            9.02
  2021           0               275.00          327.00          602.00
  2021         1-4                37.00           50.00           87.00
  2021         5-9                24.00           29.00           53.00
  2021        10-14               33.00           36.00           69.00
  2021        15-19               83.00          176.00          259.00
  2021        20-24              182.00          429.00          611.00
  2021        25-29              241.00          616.00          857.00
  2021        30-34              324.00          752.00         1076.00
  2021        35-39              419.00          876.00         1295.00
  2021        40-44              506.00          958.00         1464.00
  2021        45-49              668.00         1225.00         1893.00
  2021        50-54             1114.00         1929.00         3043.00
  2021        55-59             1933.00         3189.00         5122.00
  2021        60-64             2844.00         4468.00         7312.00
  2021        65-69             3772.00         5557.00         9329.00
  2021        70-74             5007.00         6976.00        11983.00
  2021        75-79             5876.00         7675.00        13551.00
  2021        80-84             7357.00         8251.00        15608.00
  2021        85-89             9286.00         8688.00        17974.00
  2021        90-94             9420.00         6512.00        15932.00
  2021        95-99             5517.00         2309.00         7826.00
  2021       100-104            1252.00          317.00         1569.00
  2021       105-109             113.00           16.00          129.00
  2021       110+                  5.99            1.00            6.99
  2022           0               285.00          334.00          619.00
  2022         1-4                55.00           49.00          104.00
  2022         5-9                30.00           41.00           71.00
  2022        10-14               32.00           49.00           81.00
  2022        15-19               86.00          178.00          264.00
  2022        20-24              191.00          378.00          569.00
  2022        25-29              225.00          546.00          771.00
  2022        30-34              329.00          711.00         1040.00
  2022        35-39              402.00          819.00         1221.00
  2022        40-44              522.00          911.00         1433.00
  2022        45-49              764.00         1212.00         1976.00
  2022        50-54             1111.00         1819.00         2930.00
  2022        55-59             1863.00         3194.00         5057.00
  2022        60-64             2969.00         4646.00         7615.00
  2022        65-69             3997.00         5951.00         9948.00
  2022        70-74             5133.00         7178.00        12311.00
  2022        75-79             6440.00         8396.00        14836.00
  2022        80-84             8074.00         9064.00        17138.00
  2022        85-89             9997.00         9455.00        19452.00
  2022        90-94            10318.00         7169.00        17487.00
  2022        95-99             6220.00         2690.00         8910.00
  2022       100-104            1513.00          414.00         1927.00
  2022       105-109             123.00           24.00          147.00
  2022       110+                  2.00            3.00            5.00
  2023           0               257.00          336.00          593.00
  2023         1-4                41.00           66.00          107.00
  2023         5-9                38.00           29.00           67.00
  2023        10-14               47.00           50.00           97.00
  2023        15-19               87.00          188.00          275.00
  2023        20-24              151.00          350.00          501.00
  2023        25-29              254.00          553.00          807.00
  2023        30-34              323.00          743.00         1066.00
  2023        35-39              435.00          874.00         1309.00
  2023        40-44              495.00          956.00         1451.00
  2023        45-49              722.00         1159.00         1881.00
  2023        50-54             1086.00         1724.00         2810.00
  2023        55-59             1780.00         2971.00         4751.00
  2023        60-64             2761.00         4435.00         7196.00
  2023        65-69             3830.00         5655.00         9485.00
  2023        70-74             4896.00         6853.00        11749.00
  2023        75-79             6698.00         8075.00        14773.00
  2023        80-84             7941.00         8659.00        16600.00
  2023        85-89             9328.00         8860.00        18188.00
  2023        90-94             9808.00         6868.00        16676.00
  2023        95-99             5783.00         2602.00         8385.00
  2023       100-104            1495.00          398.00         1893.00
  2023       105-109             155.00           20.00          175.00
  2023       110+                  2.00            0.00            2.00
