Canada-Ontario, Population size (abridged)	Last modified: 28 May 2025;  Methods Protocol: v6 (2017)

  Year          Age             Female            Male           Total
  1921           0             30156.82        31530.26        61687.08
  1921         1-4            124022.95       127180.59       251203.54
  1921         5-9            150860.10       153999.05       304859.15
  1921        10-14           135234.00       137695.06       272929.06
  1921        15-19           127866.15       126996.95       254863.10
  1921        20-24           124758.59       117025.00       241783.59
  1921        25-29           119984.79       118988.76       238973.55
  1921        30-34           111333.73       114260.66       225594.39
  1921        35-39           105851.99       112192.14       218044.13
  1921        40-44            89778.58        94943.54       184722.12
  1921        45-49            77927.48        82726.39       160653.87
  1921        50-54            68431.58        71202.51       139634.09
  1921        55-59            55009.86        57801.97       112811.83
  1921        60-64            47105.06        48442.31        95547.37
  1921        65-69            33567.35        34853.67        68421.02
  1921        70-74            23951.75        23830.76        47782.51
  1921        75-79            15532.23        14645.71        30177.94
  1921        80-84             9622.93         8192.97        17815.90
  1921        85-89             3896.85         3212.88         7109.73
  1921        90-94             1150.50          839.33         1989.83
  1921        95-99              240.73          185.58          426.31
  1921       100-104              25.72           35.41           61.13
  1921       105-109               0.61            2.67            3.28
  1921       110+                  0.00            0.00            0.00
  1922           0             27699.85        28791.68        56491.53
  1922         1-4            121233.57       124583.38       245816.95
  1922         5-9            152841.92       156008.49       308850.41
  1922        10-14           137583.84       140158.63       277742.47
  1922        15-19           128592.33       129208.78       257801.11
  1922        20-24           124883.84       117058.63       241942.47
  1922        25-29           121041.92       118958.62       240000.54
  1922        30-34           111875.34       113883.57       225758.91
  1922        35-39           107517.26       113733.42       221250.68
  1922        40-44            92200.55        97467.11       189667.66
  1922        45-49            79275.62        84392.05       163667.67
  1922        50-54            70267.12        73150.40       143417.52
  1922        55-59            56133.70        59009.04       115142.74
  1922        60-64            48400.28        49666.85        98067.13
  1922        65-69            34758.63        36150.13        70908.76
  1922        70-74            24483.55        24508.49        48992.04
  1922        75-79            15491.78        14733.42        30225.20
  1922        80-84             9823.56         8370.09        18193.65
  1922        85-89             4008.95         3320.58         7329.53
  1922        90-94             1183.01          871.03         2054.04
  1922        95-99              231.70          185.65          417.35
  1922       100-104              23.04           35.11           58.15
  1922       105-109               0.00            3.52            3.52
  1922       110+                  0.00            0.00            0.00
  1923           0             27762.85        28720.72        56483.57
  1923         1-4            121512.22       124896.00       246408.22
  1923         5-9            153825.20       156825.21       310650.41
  1923        10-14           139608.77       141108.48       280717.25
  1923        15-19           131258.91       131400.55       262659.46
  1923        20-24           126850.41       117833.43       244683.84
  1923        25-29           122083.56       119791.78       241875.34
  1923        30-34           113083.56       114708.50       227792.06
  1923        35-39           109592.05       114133.43       223725.48
  1923        40-44            94308.76        98650.14       192958.90
  1923        45-49            81800.56        85858.63       167659.19
  1923        50-54            71741.92        74250.14       145992.06
  1923        55-59            57558.64        60591.78       118150.42
  1923        60-64            49483.56        50408.49        99892.05
  1923        65-69            35941.92        36750.14        72692.06
  1923        70-74            25425.20        25033.42        50458.62
  1923        75-79            15991.78        15075.07        31066.85
  1923        80-84             9935.88         8450.01        18385.89
  1923        85-89             4105.01         3348.28         7453.29
  1923        90-94             1205.59          911.97         2117.56
  1923        95-99              229.25          177.07          406.32
  1923       100-104              29.66           21.73           51.39
  1923       105-109               0.65            0.75            1.40
  1923       110+                  0.00            0.00            0.00
  1924           0             27804.51        28658.75        56463.26
  1924         1-4            121887.28       125216.31       247103.59
  1924         5-9            154900.27       157725.21       312625.48
  1924        10-14           141508.77       142333.70       283842.47
  1924        15-19           134050.69       134033.98       268084.67
  1924        20-24           128708.76       118816.99       247525.75
  1924        25-29           123141.92       120466.85       243608.77
  1924        30-34           114258.64       115700.28       229958.92
  1924        35-39           111292.06       114591.79       225883.85
  1924        40-44            96383.84       100533.97       196917.81
  1924        45-49            84900.82        87508.76       172409.58
  1924        50-54            73425.49        75316.98       148742.47
  1924        55-59            59150.41        61091.78       120242.19
  1924        60-64            50600.27        51108.49       101708.76
  1924        65-69            37100.28        37641.91        74742.19
  1924        70-74            26558.62        25666.84        52225.46
  1924        75-79            16491.77        15491.79        31983.56
  1924        80-84            10098.90         8589.41        18688.31
  1924        85-89             4085.21         3249.67         7334.88
  1924        90-94             1230.88          928.11         2158.99
  1924        95-99              226.53          180.48          407.01
  1924       100-104              32.83           18.57           51.40
  1924       105-109               1.65            0.00            1.65
  1924       110+                  0.00            0.00            0.00
  1925           0             27860.77        28695.60        56556.37
  1925         1-4            122272.67       125421.11       247693.78
  1925         5-9            156041.91       158741.92       314783.83
  1925        10-14           143642.20       144517.26       288159.46
  1925        15-19           137167.40       136833.97       274001.37
  1925        20-24           130783.84       120275.35       251059.19
  1925        25-29           124300.28       121150.13       245450.41
  1925        30-34           115733.69       116666.85       232400.54
  1925        35-39           113342.19       115150.14       228492.33
  1925        40-44            98817.27       102458.62       201275.89
  1925        45-49            88675.89        90342.46       179018.35
  1925        50-54            75992.32        76833.70       152826.02
  1925        55-59            60716.98        61941.93       122658.91
  1925        60-64            52033.70        51925.21       103958.91
  1925        65-69            38416.99        38625.21        77042.20
  1925        70-74            28150.41        26525.20        54675.61
  1925        75-79            17050.14        15991.78        33041.92
  1925        80-84            10444.48         8787.29        19231.77
  1925        85-89             4213.88         3326.26         7540.14
  1925        90-94             1242.35          930.31         2172.66
  1925        95-99              227.54          185.67          413.21
  1925       100-104              28.36           24.44           52.80
  1925       105-109               0.26            0.31            0.57
  1925       110+                  0.00            0.00            0.00
  1926           0             28072.32        28716.33        56788.65
  1926         1-4            122461.10       125658.73       248119.83
  1926         5-9            156850.14       159783.56       316633.70
  1926        10-14           146292.33       146650.42       292942.75
  1926        15-19           140250.69       139867.39       280118.08
  1926        20-24           132983.83       121541.91       254525.74
  1926        25-29           125500.28       121866.86       247367.14
  1926        30-34           117800.54       117700.27       235500.81
  1926        35-39           115583.85       116275.35       231859.20
  1926        40-44           101417.27       104225.48       205642.75
  1926        45-49            92167.40        93725.75       185893.15
  1926        50-54            78600.54        79075.61       157676.15
  1926        55-59            62175.35        63158.63       125333.98
  1926        60-64            53575.35        52533.42       106108.77
  1926        65-69            39875.34        39641.92        79517.26
  1926        70-74            29950.41        27425.21        57375.62
  1926        75-79            17591.78        16316.72        33908.50
  1926        80-84            10614.92         8911.60        19526.52
  1926        85-89             4376.76         3374.94         7751.70
  1926        90-94             1247.43          927.96         2175.39
  1926        95-99              245.12          181.30          426.42
  1926       100-104              33.70           21.26           54.96
  1926       105-109               1.01            0.00            1.01
  1926       110+                  0.00            0.00            0.00
  1927           0             28142.64        28637.14        56779.78
  1927         1-4            122674.08       126154.65       248828.73
  1927         5-9            157800.27       161542.18       319342.45
  1927        10-14           148375.34       149033.97       297409.31
  1927        15-19           142608.76       142775.62       285384.38
  1927        20-24           134775.35       125267.96       260043.31
  1927        25-29           126525.20       123483.84       250009.04
  1927        30-34           119441.92       119892.33       239334.25
  1927        35-39           117141.92       118125.48       235267.40
  1927        40-44           103316.98       106675.62       209992.60
  1927        45-49            94316.99        96442.18       190759.17
  1927        50-54            80533.69        82475.89       163009.58
  1927        55-59            63383.56        64516.98       127900.54
  1927        60-64            54725.22        53166.85       107892.07
  1927        65-69            41200.28        40975.35        82175.63
  1927        70-74            31400.28        28500.27        59900.55
  1927        75-79            18091.78        16808.49        34900.27
  1927        80-84            10690.42         8907.09        19597.51
  1927        85-89             4376.18         3370.88         7747.06
  1927        90-94             1257.56          937.75         2195.31
  1927        95-99              243.09          178.96          422.05
  1927       100-104              27.14           20.22           47.36
  1927       105-109               0.77            0.00            0.77
  1927       110+                  0.00            0.00            0.00
  1928           0             27936.44        28597.01        56533.45
  1928         1-4            123138.63       126578.06       249716.69
  1928         5-9            159233.70       163433.70       322667.40
  1928        10-14           149641.92       152184.10       301826.02
  1928        15-19           145325.77       146467.66       291793.43
  1928        20-24           136508.77       130751.23       267260.00
  1928        25-29           127308.49       126734.25       254042.74
  1928        30-34           120366.85       122558.89       242925.74
  1928        35-39           118300.28       120108.76       238409.04
  1928        40-44           104892.06       109725.75       214617.81
  1928        45-49            95425.20        99325.75       194750.95
  1928        50-54            81958.63        85325.48       167284.11
  1928        55-59            64266.85        66442.19       130709.04
  1928        60-64            55450.14        54083.57       109533.71
  1928        65-69            42458.63        42300.27        84758.90
  1928        70-74            32541.92        30108.78        62650.70
  1928        75-79            18591.78        17508.49        36100.27
  1928        80-84            10928.89         9072.62        20001.51
  1928        85-89             4401.79         3461.77         7863.56
  1928        90-94             1270.53          926.79         2197.32
  1928        95-99              245.91          178.05          423.96
  1928       100-104              19.76           23.45           43.21
  1928       105-109               0.00            0.24            0.24
  1928       110+                  0.00            0.00            0.00
  1929           0             27749.56        28442.44        56192.00
  1929         1-4            123508.80       126974.27       250483.07
  1929         5-9            160833.70       164975.34       325809.04
  1929        10-14           151675.62       154592.05       306267.67
  1929        15-19           148684.11       151626.31       300310.42
  1929        20-24           138525.48       135626.03       274151.51
  1929        25-29           127891.78       129917.26       257809.04
  1929        30-34           121458.63       124533.69       245992.32
  1929        35-39           119441.92       121600.27       241042.19
  1929        40-44           106825.48       112792.34       219617.82
  1929        45-49            96383.55       102509.04       198892.59
  1929        50-54            83316.99        87950.69       171267.68
  1929        55-59            65183.57        67866.85       133050.42
  1929        60-64            56050.13        55141.91       111192.04
  1929        65-69            43700.27        43558.62        87258.89
  1929        70-74            33583.56        32008.76        65592.32
  1929        75-79            19091.78        18266.84        37358.62
  1929        80-84            11087.89         9218.45        20306.34
  1929        85-89             4503.59         3467.93         7971.52
  1929        90-94             1211.50          886.67         2098.17
  1929        95-99              255.24          166.99          422.23
  1929       100-104              20.26           20.48           40.74
  1929       105-109               0.00            0.00            0.00
  1929       110+                  0.00            0.00            0.00
  1930           0             27577.45        28379.27        55956.72
  1930         1-4            123780.90       127354.16       251135.06
  1930         5-9            162433.70       166533.70       328967.40
  1930        10-14           153967.12       157400.82       311367.94
  1930        15-19           151850.68       156509.31       308359.99
  1930        20-24           140567.12       140943.01       281510.13
  1930        25-29           128333.42       132984.10       261317.52
  1930        30-34           122525.20       126250.42       248775.62
  1930        35-39           120250.13       123033.70       243283.83
  1930        40-44           108750.40       115283.83       224034.23
  1930        45-49            97266.86       104967.12       202233.98
  1930        50-54            84600.27        89958.63       174558.90
  1930        55-59            66008.49        68783.56       134792.05
  1930        60-64            56591.79        56066.85       112658.64
  1930        65-69            44900.27        44625.20        89525.47
  1930        70-74            34641.92        33616.98        68258.90
  1930        75-79            19591.79        18950.13        38541.92
  1930        80-84            11330.65         9436.45        20767.10
  1930        85-89             4614.37         3451.71         8066.08
  1930        90-94             1260.11          915.71         2175.82
  1930        95-99              248.99          147.40          396.39
  1930       100-104              23.92           22.44           46.36
  1930       105-109               0.00            0.74            0.74
  1930       110+                  0.00            0.00            0.00
  1931           0             27461.99        28336.30        55798.29
  1931         1-4            124054.72       127680.42       251735.14
  1931         5-9            163741.92       168133.71       331875.63
  1931        10-14           155850.41       160475.62       316326.03
  1931        15-19           154558.89       161276.17       315835.06
  1931        20-24           142625.48       145909.31       288534.79
  1931        25-29           128675.07       135333.70       264008.77
  1931        30-34           123191.79       128050.41       251242.20
  1931        35-39           120791.77       124867.11       245658.88
  1931        40-44           110141.92       117250.41       227392.33
  1931        45-49            97950.14       107142.20       205092.34
  1931        50-54            85683.56        91141.91       176825.47
  1931        55-59            66591.78        69841.93       136433.71
  1931        60-64            57033.42        57217.00       114250.42
  1931        65-69            46041.92        45700.28        91742.20
  1931        70-74            35741.91        34900.28        70642.19
  1931        75-79            20091.77        19491.78        39583.55
  1931        80-84            11756.31         9918.40        21674.71
  1931        85-89             4707.32         3509.70         8217.02
  1931        90-94             1308.34          903.24         2211.58
  1931        95-99              242.68          149.41          392.09
  1931       100-104              26.10           16.24           42.34
  1931       105-109               0.00            0.00            0.00
  1931       110+                  0.00            0.00            0.00
  1932           0             27994.63        28702.83        56697.46
  1932         1-4            123313.58       126871.96       250185.54
  1932         5-9            163266.29       167983.01       331249.30
  1932        10-14           159459.46       164226.02       323685.48
  1932        15-19           156358.63       163458.34       319816.97
  1932        20-24           145309.04       149158.89       294467.93
  1932        25-29           129908.77       136408.50       266317.27
  1932        30-34           122991.52       128858.36       251849.88
  1932        35-39           121408.50       126516.99       247925.49
  1932        40-44           111942.20       118700.28       230642.48
  1932        45-49            99016.99       109150.41       208167.40
  1932        50-54            87383.83        93409.04       180792.87
  1932        55-59            68025.48        71525.48       139550.96
  1932        60-64            57491.77        58033.43       115525.20
  1932        65-69            47316.99        46841.91        94158.90
  1932        70-74            37016.99        35983.56        73000.55
  1932        75-79            21058.63        20400.27        41458.90
  1932        80-84            12310.64        10390.55        22701.19
  1932        85-89             4845.21         3564.15         8409.36
  1932        90-94             1327.45          929.38         2256.83
  1932        95-99              248.72          159.41          408.13
  1932       100-104              28.86           14.85           43.71
  1932       105-109               0.00            0.00            0.00
  1932       110+                  0.00            0.00            0.00
  1933           0             28837.18        29521.87        58359.05
  1933         1-4            121329.12       124977.85       246306.97
  1933         5-9            161316.16       166057.81       327373.97
  1933        10-14           164009.31       168375.89       332385.20
  1933        15-19           155207.67       161749.31       316956.98
  1933        20-24           148700.83       152942.74       301643.57
  1933        25-29           132975.88       138333.98       271309.86
  1933        30-34           123225.21       129833.70       253058.91
  1933        35-39           122050.15       127508.49       249558.64
  1933        40-44           114125.48       120308.77       234434.25
  1933        45-49           100650.42       110775.34       211425.76
  1933        50-54            89350.41        96275.61       185626.02
  1933        55-59            70709.04        74325.75       145034.79
  1933        60-64            57933.42        58666.85       116600.27
  1933        65-69            48425.21        47766.85        96192.06
  1933        70-74            37833.42        36575.07        74408.49
  1933        75-79            22475.35        21600.28        44075.63
  1933        80-84            12665.06        10721.73        23386.79
  1933        85-89             4912.38         3613.36         8525.74
  1933        90-94             1368.70          937.12         2305.82
  1933        95-99              232.53          164.12          396.65
  1933       100-104              30.12           13.59           43.71
  1933       105-109               0.00            0.00            0.00
  1933       110+                  0.00            0.00            0.00
  1934           0             29190.26        29912.76        59103.02
  1934         1-4            118792.47       122511.62       241304.09
  1934         5-9            159057.81       163641.09       322698.90
  1934        10-14           167083.84       171108.76       338192.60
  1934        15-19           153416.44       159799.72       313216.16
  1934        20-24           151717.27       157701.09       309418.36
  1934        25-29           136525.76       140492.05       277017.81
  1934        30-34           124300.27       131375.34       255675.61
  1934        35-39           122475.06       128091.79       250566.85
  1934        40-44           116108.77       122092.05       238200.82
  1934        45-49           102508.77       111983.57       214492.34
  1934        50-54            90917.00        98800.55       189717.55
  1934        55-59            73925.75        77625.75       151551.50
  1934        60-64            58333.41        59466.84       117800.25
  1934        65-69            49441.92        48683.56        98125.48
  1934        70-74            38116.72        36816.71        74933.43
  1934        75-79            24033.69        22800.27        46833.96
  1934        80-84            13116.61        11121.39        24238.00
  1934        85-89             5028.63         3725.92         8754.55
  1934        90-94             1423.93          956.90         2380.83
  1934        95-99              237.81          166.58          404.39
  1934       100-104              34.81           12.27           47.08
  1934       105-109               0.69            0.00            0.69
  1934       110+                  0.00            0.00            0.00
  1935           0             29848.33        30736.65        60584.98
  1935         1-4            116934.95       120738.42       237673.37
  1935         5-9            155473.98       159915.62       315389.60
  1935        10-14           167591.50       171724.93       339316.43
  1935        15-19           152708.22       158483.02       311191.24
  1935        20-24           153967.11       162326.03       316293.14
  1935        25-29           140117.54       143417.54       283535.08
  1935        30-34           126433.98       133225.48       259659.46
  1935        35-39           122833.42       128475.06       251308.48
  1935        40-44           117775.34       123792.06       241567.40
  1935        45-49           104467.13       112983.56       217450.69
  1935        50-54            92375.34       100967.12       193342.46
  1935        55-59            77225.75        80984.10       158209.85
  1935        60-64            59083.57        60558.62       119642.19
  1935        65-69            50366.85        49450.13        99816.98
  1935        70-74            38316.71        36900.01        75216.72
  1935        75-79            25458.64        23825.21        49283.85
  1935        80-84            13626.51        11600.42        25226.93
  1935        85-89             5229.65         3962.25         9191.90
  1935        90-94             1503.01          967.41         2470.42
  1935        95-99              248.23          167.80          416.03
  1935       100-104              28.12           13.53           41.65
  1935       105-109               0.33            0.00            0.33
  1935       110+                  0.00            0.00            0.00
  1936           0             29051.01        30240.41        59291.42
  1936         1-4            115081.32       119492.20       234573.52
  1936         5-9            153366.59       157708.22       311074.81
  1936        10-14           165024.10       168915.62       333939.72
  1936        15-19           153900.55       160234.24       314134.79
  1936        20-24           154741.64       166650.96       321392.60
  1936        25-29           143509.05       146984.11       290493.16
  1936        30-34           129875.90       136842.74       266718.64
  1936        35-39           122766.59       128074.80       250841.39
  1936        40-44           119450.42       126017.26       245467.68
  1936        45-49           106292.05       114100.29       220392.34
  1936        50-54            94108.76       103200.54       197309.30
  1936        55-59            80467.39        84500.82       164968.21
  1936        60-64            60375.34        62267.13       122642.47
  1936        65-69            50700.00        49641.65       100341.65
  1936        70-74            38341.64        36783.29        75124.93
  1936        75-79            26408.48        24491.79        50900.27
  1936        80-84            14131.69        12029.65        26161.34
  1936        85-89             5453.69         4238.25         9691.94
  1936        90-94             1532.21          971.49         2503.70
  1936        95-99              262.15          188.06          450.21
  1936       100-104              31.03           16.62           47.65
  1936       105-109               1.39            0.00            1.39
  1936       110+                  0.00            0.00            0.00
  1937           0             27662.97        28950.96        56613.93
  1937         1-4            113703.33       118048.48       231751.81
  1937         5-9            153200.01       157441.64       310641.65
  1937        10-14           162991.51       167233.42       330224.93
  1937        15-19           157817.81       163942.47       321760.28
  1937        20-24           155575.33       166941.09       322516.42
  1937        25-29           146025.47       149567.12       295592.59
  1937        30-34           131908.49       138041.37       269949.86
  1937        35-39           123416.99       129333.97       252750.96
  1937        40-44           120258.37       126691.50       246949.87
  1937        45-49           107992.05       115066.86       223058.91
  1937        50-54            95716.99       104841.92       200558.91
  1937        55-59            82675.34        86992.05       169667.39
  1937        60-64            62283.83        64208.76       126492.59
  1937        65-69            51692.06        50708.76       102400.82
  1937        70-74            39058.64        37283.56        76342.20
  1937        75-79            27108.49        24933.43        52041.92
  1937        80-84            14783.12        12458.19        27241.31
  1937        85-89             5651.02         4371.77        10022.79
  1937        90-94             1546.02          973.38         2519.40
  1937        95-99              277.09          180.83          457.92
  1937       100-104              23.78           17.91           41.69
  1937       105-109               0.00            0.00            0.00
  1937       110+                  0.00            0.00            0.00
  1938           0             27030.64        28275.88        55306.52
  1938         1-4            112910.72       117023.84       229934.56
  1938         5-9            152616.44       156933.15       309549.59
  1938        10-14           162233.15       166816.44       329049.59
  1938        15-19           162759.45       168084.39       330843.84
  1938        20-24           154857.81       164032.61       318890.42
  1938        25-29           148709.04       152325.75       301034.79
  1938        30-34           133775.61       138725.49       272501.10
  1938        35-39           124466.85       131550.40       256017.25
  1938        40-44           120650.15       126750.14       247400.29
  1938        45-49           109633.69       116100.28       225733.97
  1938        50-54            97408.76       106175.35       203584.11
  1938        55-59            84058.63        88925.48       172984.11
  1938        60-64            64833.97        66517.27       131351.24
  1938        65-69            52983.57        52141.91       105125.48
  1938        70-74            40300.27        38166.84        78467.11
  1938        75-79            27633.42        25216.71        52850.13
  1938        80-84            15324.43        12839.38        28163.81
  1938        85-89             5840.17         4494.83        10335.00
  1938        90-94             1562.86          996.96         2559.82
  1938        95-99              277.06          192.29          469.35
  1938       100-104              20.89           22.91           43.80
  1938       105-109               0.00            0.00            0.00
  1938       110+                  0.00            0.00            0.00
  1939           0             27386.97        28690.66        56077.63
  1939         1-4            113121.79       117218.11       230339.90
  1939         5-9            151266.30       155432.86       306699.16
  1939        10-14           161608.22       166108.23       327716.45
  1939        15-19           166609.04       171517.25       338126.29
  1939        20-24           154075.07       161474.52       315549.59
  1939        25-29           151283.83       155684.12       306967.95
  1939        30-34           135775.34       140183.55       275958.89
  1939        35-39           125325.21       133467.12       258792.33
  1939        40-44           121075.06       127058.37       248133.43
  1939        45-49           111058.63       117300.28       228358.91
  1939        50-54            99367.11       107500.28       206867.39
  1939        55-59            85125.20        90733.70       175858.90
  1939        60-64            67750.68        69233.97       136984.65
  1939        65-69            54100.28        53358.63       107458.91
  1939        70-74            41500.27        39083.55        80583.82
  1939        75-79            27975.07        25299.99        53275.06
  1939        80-84            15962.20        13263.09        29225.29
  1939        85-89             6054.62         4738.94        10793.56
  1939        90-94             1617.54         1063.07         2680.61
  1939        95-99              276.09          195.77          471.86
  1939       100-104              24.65           20.92           45.57
  1939       105-109               0.00            0.00            0.00
  1939       110+                  0.00            0.00            0.00
  1940           0             27729.90        29015.12        56745.02
  1940         1-4            114328.73       118385.15       232713.88
  1940         5-9            150833.42       154950.13       305783.55
  1940        10-14           159766.02       164207.66       323973.68
  1940        15-19           168483.56       173475.34       341958.90
  1940        20-24           154841.92       159958.09       314800.01
  1940        25-29           153950.68       158617.26       312567.94
  1940        30-34           138033.98       142642.47       280676.45
  1940        35-39           126633.70       135642.20       262275.90
  1940        40-44           121375.07       127450.14       248825.21
  1940        45-49           112241.93       118383.56       230625.49
  1940        50-54           101367.13       108641.92       210009.05
  1940        55-59            86141.91        92275.35       178417.26
  1940        60-64            70750.68        71975.62       142726.30
  1940        65-69            55592.05        54892.06       110484.11
  1940        70-74            42816.99        40083.55        82900.54
  1940        75-79            28391.78        25475.08        53866.86
  1940        80-84            16615.57        13689.42        30304.99
  1940        85-89             6239.08         4882.68        11121.76
  1940        90-94             1694.77         1122.82         2817.59
  1940        95-99              300.91          186.59          487.50
  1940       100-104              25.01           20.66           45.67
  1940       105-109               0.00            0.00            0.00
  1940       110+                  0.00            0.00            0.00
  1941           0             29058.12        30233.18        59291.30
  1941         1-4            115759.42       119767.64       235527.06
  1941         5-9            149599.45       153857.80       303457.25
  1941        10-14           159533.70       163933.69       323467.39
  1941        15-19           167791.24       172991.23       340782.47
  1941        20-24           158276.16       161892.60       320168.76
  1941        25-29           155550.14       159816.72       315366.86
  1941        30-34           140192.04       144975.34       285167.38
  1941        35-39           128467.12       138058.90       266526.02
  1941        40-44           121850.14       128050.14       249900.28
  1941        45-49           112991.78       119150.14       232141.92
  1941        50-54           103308.77       109625.21       212933.98
  1941        55-59            87241.91        93541.92       180783.83
  1941        60-64            73400.54        74383.83       147784.37
  1941        65-69            57642.20        56825.47       114467.67
  1941        70-74            44041.91        41025.21        85067.12
  1941        75-79            29008.49        25775.07        54783.56
  1941        80-84            17508.95        14165.59        31674.54
  1941        85-89             6532.13         5017.68        11549.81
  1941        90-94             1740.34         1189.94         2930.28
  1941        95-99              303.74          173.15          476.89
  1941       100-104              27.80           19.30           47.10
  1941       105-109               0.25            0.27            0.52
  1941       110+                  0.00            0.00            0.00
  1942           0             31933.66        33213.13        65146.79
  1942         1-4            119601.67       123830.70       243432.37
  1942         5-9            148775.06       153016.72       301791.78
  1942        10-14           160900.28       165008.50       325908.78
  1942        15-19           167350.14       171791.50       339141.64
  1942        20-24           165476.99       166867.95       332344.94
  1942        25-29           158892.88       162467.67       321360.55
  1942        30-34           144401.36       148634.53       293035.89
  1942        35-39           131400.82       141084.12       272484.94
  1942        40-44           123500.55       130225.76       253726.31
  1942        45-49           114483.83       120683.84       235167.67
  1942        50-54           105500.55       111342.19       216842.74
  1942        55-59            89333.97        95692.33       185026.30
  1942        60-64            75567.11        76642.18       152209.29
  1942        65-69            59708.77        58692.05       118400.82
  1942        70-74            45200.28        42041.92        87242.20
  1942        75-79            29825.20        26250.14        56075.34
  1942        80-84            17979.67        14386.86        32366.53
  1942        85-89             6915.21         5157.47        12072.68
  1942        90-94             1796.12         1218.30         3014.42
  1942        95-99              305.78          187.73          493.51
  1942       100-104              25.26           14.47           39.73
  1942       105-109               0.00            0.00            0.00
  1942       110+                  0.00            0.00            0.00
  1943           0             35027.26        36429.94        71457.20
  1943         1-4            124491.10       129180.20       253671.30
  1943         5-9            147849.59       152341.37       300190.96
  1943        10-14           160232.88       164132.87       324365.75
  1943        15-19           165849.32       169924.38       335773.70
  1943        20-24           170675.62       171184.11       341859.73
  1943        25-29           160341.37       163132.88       323474.25
  1943        30-34           148300.55       152142.19       300442.74
  1943        35-39           133658.63       142558.35       276216.98
  1943        40-44           124850.15       132475.34       257325.49
  1943        45-49           115983.57       122008.50       237992.07
  1943        50-54           107141.92       112708.49       219850.41
  1943        55-59            91900.55        97950.41       189850.96
  1943        60-64            77100.28        78708.77       155809.05
  1943        65-69            61433.70        60100.28       121533.98
  1943        70-74            46166.85        42966.85        89133.70
  1943        75-79            30608.48        26850.14        57458.62
  1943        80-84            18599.22        14787.70        33386.92
  1943        85-89             7164.39         5398.91        12563.30
  1943        90-94             1877.09         1251.56         3128.65
  1943        95-99              313.55          200.33          513.88
  1943       100-104              25.27           14.50           39.77
  1943       105-109               0.25            0.00            0.25
  1943       110+                  0.00            0.00            0.00
  1944           0             36837.72        38890.39        75728.11
  1944         1-4            129263.64       135144.95       264408.59
  1944         5-9            148675.62       153433.97       302109.59
  1944        10-14           157590.96       161841.11       319432.07
  1944        15-19           164308.22       168216.45       332524.67
  1944        20-24           173083.84       172249.86       345333.70
  1944        25-29           159975.07       162008.23       321983.30
  1944        30-34           151342.46       155142.47       306484.93
  1944        35-39           135542.19       143066.84       278609.03
  1944        40-44           125741.91       134267.11       260009.02
  1944        45-49           117275.34       122941.91       240217.25
  1944        50-54           108183.57       113525.20       221708.77
  1944        55-59            94475.62        99867.12       194342.74
  1944        60-64            78358.64        80842.19       159200.83
  1944        65-69            63150.41        61416.99       124567.40
  1944        70-74            47025.21        43825.20        90850.41
  1944        75-79            31366.86        27450.14        58817.00
  1944        80-84            19075.57        15031.04        34106.61
  1944        85-89             7318.46         5424.42        12742.88
  1944        90-94             1924.80         1250.32         3175.12
  1944        95-99              311.57          191.36          502.93
  1944       100-104              23.91           15.07           38.98
  1944       105-109               0.47            0.00            0.47
  1944       110+                  0.00            0.00            0.00
  1945           0             38712.66        41135.04        79847.70
  1945         1-4            134555.83       140591.54       275147.37
  1945         5-9            149916.71       154074.80       303991.51
  1945        10-14           154957.81       159107.67       314065.48
  1945        15-19           163749.85       166807.95       330557.80
  1945        20-24           174700.28       171416.44       346116.72
  1945        25-29           161850.68       160924.66       322775.34
  1945        30-34           154784.12       157358.64       312142.76
  1945        35-39           138192.33       144216.98       282409.31
  1945        40-44           127133.70       135741.91       262875.61
  1945        45-49           118833.70       124041.91       242875.61
  1945        50-54           109241.92       114250.13       223492.05
  1945        55-59            96942.19       101458.63       198400.82
  1945        60-64            79775.34        82850.40       162625.74
  1945        65-69            64716.99        62700.28       127417.27
  1945        70-74            47866.85        44666.86        92533.71
  1945        75-79            32050.14        27933.42        59983.56
  1945        80-84            19550.73        15328.03        34878.76
  1945        85-89             7735.54         5639.33        13374.87
  1945        90-94             2019.06         1318.74         3337.80
  1945        95-99              346.68          193.42          540.10
  1945       100-104              34.57           14.01           48.58
  1945       105-109               1.00            0.45            1.45
  1945       110+                  0.00            0.00            0.00
  1946           0             40005.10        42300.57        82305.67
  1946         1-4            139746.13       146034.23       285780.36
  1946         5-9            153559.73       158310.13       311869.86
  1946        10-14           154583.56       158600.27       313183.83
  1946        15-19           163383.28       166100.00       329483.28
  1946        20-24           175316.71       172575.62       347892.33
  1946        25-29           166426.31       164735.07       331161.38
  1946        30-34           158475.89       160175.89       318651.78
  1946        35-39           142434.52       147426.02       289860.54
  1946        40-44           129433.98       137425.48       266859.46
  1946        45-49           120842.19       126367.40       247209.59
  1946        50-54           110633.70       115258.62       225892.32
  1946        55-59            99067.12       103108.76       202175.88
  1946        60-64            81683.84        84767.12       166450.96
  1946        65-69            66175.34        64367.12       130542.46
  1946        70-74            48958.62        45758.63        94717.25
  1946        75-79            32650.15        28450.14        61100.29
  1946        80-84            20047.06        15538.10        35585.16
  1946        85-89             8289.41         5956.29        14245.70
  1946        90-94             2201.19         1389.17         3590.36
  1946        95-99              345.84          212.35          558.19
  1946       100-104              36.13           15.40           51.53
  1946       105-109               1.78            1.00            2.78
  1946       110+                  0.00            0.00            0.00
  1947           0             42010.05        44345.58        86355.63
  1947         1-4            146934.33       154124.01       301058.34
  1947         5-9            158784.38       164751.23       323535.61
  1947        10-14           155233.43       159566.85       314800.28
  1947        15-19           162483.02       165516.43       327999.45
  1947        20-24           175516.72       174225.21       349741.93
  1947        25-29           170200.55       169533.97       339734.52
  1947        30-34           161325.48       162850.41       324175.89
  1947        35-39           146525.76       151109.04       297634.80
  1947        40-44           132409.05       139525.48       271934.53
  1947        45-49           122733.69       128925.49       251659.18
  1947        50-54           112175.33       116733.69       228909.02
  1947        55-59           100833.70       104483.57       205317.27
  1947        60-64            83883.84        86592.05       170475.89
  1947        65-69            68025.49        66600.55       134626.04
  1947        70-74            50550.40        47292.06        97842.46
  1947        75-79            33600.27        29516.98        63117.25
  1947        80-84            20731.47        16047.50        36778.97
  1947        85-89             8605.95         6108.99        14714.94
  1947        90-94             2380.26         1457.61         3837.87
  1947        95-99              365.86          223.42          589.28
  1947       100-104              35.07           19.77           54.84
  1947       105-109               2.00            1.46            3.46
  1947       110+                  0.00            0.00            0.00
  1948           0             45485.10        49067.15        94552.25
  1948         1-4            156584.76       166520.80       323105.56
  1948         5-9            164026.30       170793.14       334819.44
  1948        10-14           156100.26       160658.63       316758.89
  1948        15-19           160966.30       164283.02       325249.32
  1948        20-24           175716.72       175533.70       351250.42
  1948        25-29           173475.89       172625.74       346101.63
  1948        30-34           163833.98       164883.84       328717.82
  1948        35-39           150701.09       155026.04       305727.13
  1948        40-44           135042.19       141567.12       276609.31
  1948        45-49           124450.40       130441.92       254892.32
  1948        50-54           113500.27       119033.98       232534.25
  1948        55-59           102083.56       104958.37       207041.93
  1948        60-64            85733.70        88058.64       173792.34
  1948        65-69            70183.84        69409.04       139592.88
  1948        70-74            52933.98        49225.48       102159.46
  1948        75-79            34858.63        30975.34        65833.97
  1948        80-84            21254.49        16427.30        37681.79
  1948        85-89             8980.74         6322.20        15302.94
  1948        90-94             2468.40         1470.17         3938.57
  1948        95-99              408.63          234.65          643.28
  1948       100-104              37.25           19.52           56.77
  1948       105-109               2.47            2.00            4.47
  1948       110+                  0.00            0.00            0.00
  1949           0             49227.19        52307.33       101534.52
  1949         1-4            167309.52       178170.21       345479.73
  1949         5-9            170193.16       179452.33       349645.49
  1949        10-14           157241.91       162133.69       319375.60
  1949        15-19           159541.36       163291.50       322832.86
  1949        20-24           175858.36       177425.47       353283.83
  1949        25-29           179068.22       176801.10       355869.32
  1949        30-34           166984.11       167725.75       334709.86
  1949        35-39           155209.31       160051.24       315260.55
  1949        40-44           138042.47       144500.83       282543.30
  1949        45-49           126658.90       132533.98       259192.88
  1949        50-54           115167.11       121308.77       236475.88
  1949        55-59           102908.50       105175.07       208083.57
  1949        60-64            87100.28        88950.14       176050.42
  1949        65-69            72092.06        71867.12       143959.18
  1949        70-74            55442.20        51150.40       106592.60
  1949        75-79            35983.57        31891.78        67875.35
  1949        80-84            21651.46        16779.93        38431.39
  1949        85-89             9278.80         6465.56        15744.36
  1949        90-94             2565.18         1510.66         4075.84
  1949        95-99              422.38          234.84          657.22
  1949       100-104              43.02           23.80           66.82
  1949       105-109               3.75            2.00            5.75
  1949       110+                  0.47            0.00            0.47
  1950           0             51840.49        53396.94       105237.43
  1950         1-4            177161.97       185904.70       363066.67
  1950         5-9            178152.05       187960.00       366112.05
  1950        10-14           158983.84       163733.70       322717.54
  1950        15-19           158066.30       162824.93       320891.23
  1950        20-24           175783.30       177891.52       353674.82
  1950        25-29           185926.58       181134.24       367060.82
  1950        30-34           171201.10       170850.68       342051.78
  1950        35-39           159917.80       164926.03       324843.83
  1950        40-44           141892.60       148042.46       289935.06
  1950        45-49           128283.56       134633.69       262917.25
  1950        50-54           117633.98       123325.47       240959.45
  1950        55-59           103783.58       105358.35       209141.93
  1950        60-64            88825.48        89783.56       178609.04
  1950        65-69            74083.83        73867.13       147950.96
  1950        70-74            57800.55        52716.98       110517.53
  1950        75-79            36750.12        32391.77        69141.89
  1950        80-84            22114.69        16989.12        39103.81
  1950        85-89             9586.06         6620.66        16206.72
  1950        90-94             2657.90         1552.44         4210.34
  1950        95-99              458.46          215.80          674.26
  1950       100-104              38.64           23.39           62.03
  1950       105-109               5.88            1.55            7.43
  1950       110+                  1.00            0.45            1.45
  1951           0             54266.91        56181.70       110448.61
  1951         1-4            189562.13       198489.80       388051.93
  1951         5-9            189369.59       198936.44       388306.03
  1951        10-14           159724.93       165158.64       324883.57
  1951        15-19           156291.24       161241.09       317532.33
  1951        20-24           175524.92       177191.52       352716.44
  1951        25-29           193585.20       187176.72       380761.92
  1951        30-34           175592.61       173033.69       348626.30
  1951        35-39           165559.73       170243.02       335802.75
  1951        40-44           145875.89       152651.23       298527.12
  1951        45-49           129225.20       137167.40       266392.60
  1951        50-54           120258.91       125367.12       245626.03
  1951        55-59           104550.14       105458.35       210008.49
  1951        60-64            90575.34        90841.91       181417.25
  1951        65-69            76633.97        76275.62       152909.59
  1951        70-74            60083.84        54233.69       114317.53
  1951        75-79            37350.14        32716.71        70066.85
  1951        80-84            23044.80        17669.68        40714.48
  1951        85-89             9902.55         6609.80        16512.35
  1951        90-94             2843.83         1722.56         4566.39
  1951        95-99              475.73          220.53          696.26
  1951       100-104              41.19           25.72           66.91
  1951       105-109               6.47            2.37            8.84
  1951       110+                  1.47            1.00            2.47
  1952           0             55904.42        58474.63       114379.05
  1952         1-4            202531.75       213428.66       415960.41
  1952         5-9            205962.73       216796.43       422759.16
  1952        10-14           166369.31       172235.89       338605.20
  1952        15-19           157484.11       162650.95       320135.06
  1952        20-24           176567.12       178592.34       355159.46
  1952        25-29           198400.54       194209.87       392610.41
  1952        30-34           183544.12       178601.91       362146.03
  1952        35-39           171893.15       176376.44       348269.59
  1952        40-44           151351.51       159218.35       310569.86
  1952        45-49           132050.96       141534.52       273585.48
  1952        50-54           122467.12       127600.55       250067.67
  1952        55-59           106609.04       107133.97       213743.01
  1952        60-64            92133.70        91708.50       183842.20
  1952        65-69            78792.06        77925.20       156717.26
  1952        70-74            62108.77        56125.48       118234.25
  1952        75-79            38650.42        33558.63        72209.05
  1952        80-84            23178.90        17955.13        41134.03
  1952        85-89            10270.60         6809.81        17080.41
  1952        90-94             2941.09         1754.92         4696.01
  1952        95-99              498.14          260.21          758.35
  1952       100-104              49.43           27.81           77.24
  1952       105-109               5.94            2.00            7.94
  1952       110+                  0.00            1.46            1.46
  1953           0             56997.64        59140.36       116138.00
  1953         1-4            212846.48       224828.69       437675.17
  1953         5-9            222053.14       235128.76       457181.90
  1953        10-14           176627.13       182268.77       358895.90
  1953        15-19           160592.32       166092.33       326684.65
  1953        20-24           178333.70       181025.48       359359.18
  1953        25-29           200333.71       200151.23       400484.94
  1953        30-34           192493.43       186418.35       378911.78
  1953        35-39           177517.81       182034.52       359552.33
  1953        40-44           157192.88       165859.73       323052.61
  1953        45-49           136134.25       146092.59       282226.84
  1953        50-54           124292.06       130000.55       254292.61
  1953        55-59           109358.90       109817.26       219176.16
  1953        60-64            93616.98        92525.21       186142.19
  1953        65-69            80316.99        78708.50       159025.49
  1953        70-74            64008.76        58050.41       122059.17
  1953        75-79            40333.71        34683.56        75017.27
  1953        80-84            23970.51        18492.22        42462.73
  1953        85-89            10630.20         7025.75        17655.95
  1953        90-94             3122.27         1828.36         4950.63
  1953        95-99              552.74          281.51          834.25
  1953       100-104              49.71           21.68           71.39
  1953       105-109               7.40            0.91            8.31
  1953       110+                  0.00            1.00            1.00
  1954           0             58066.37        60355.82       118422.19
  1954         1-4            223002.95       235647.20       458650.15
  1954         5-9            237837.26       251453.69       489290.95
  1954        10-14           186627.39       192227.40       378854.79
  1954        15-19           163842.46       169050.69       332893.15
  1954        20-24           179816.98       182950.41       362767.39
  1954        25-29           201933.71       205026.02       406959.73
  1954        30-34           201477.26       195393.97       396871.23
  1954        35-39           182809.58       187292.87       370102.45
  1954        40-44           162959.73       172368.21       335327.94
  1954        45-49           140717.81       150542.74       291260.55
  1954        50-54           126283.84       132692.33       258976.17
  1954        55-59           111975.62       112709.03       224684.65
  1954        60-64            95250.42        93425.22       188675.64
  1954        65-69            81950.41        79525.20       161475.61
  1954        70-74            65967.12        59908.77       125875.89
  1954        75-79            41992.05        35800.28        77792.33
  1954        80-84            24633.53        18884.11        43517.64
  1954        85-89            10872.70         7332.39        18205.09
  1954        90-94             3258.10         1845.15         5103.25
  1954        95-99              568.58          273.78          842.36
  1954       100-104              53.93           21.39           75.32
  1954       105-109               6.46            1.90            8.36
  1954       110+                  0.47            1.00            1.47
  1955           0             59090.84        61831.96       120922.80
  1955         1-4            234045.33       245795.44       479840.77
  1955         5-9            254628.77       266719.99       521348.76
  1955        10-14           196135.34       202960.81       399096.15
  1955        15-19           166992.33       171992.32       338984.65
  1955        20-24           181041.91       183233.15       364275.06
  1955        25-29           203358.63       208475.62       411834.25
  1955        30-34           210093.43       205202.19       415295.62
  1955        35-39           188017.82       191425.74       379443.56
  1955        40-44           168592.87       178292.89       346885.76
  1955        45-49           145367.68       155009.32       300377.00
  1955        50-54           128250.41       135417.26       263667.67
  1955        55-59           114383.84       115633.99       230017.83
  1955        60-64            96875.34        94266.84       191142.18
  1955        65-69            83808.76        80366.85       164175.61
  1955        70-74            67908.76        61516.99       129425.75
  1955        75-79            43400.27        36941.91        80342.18
  1955        80-84            25842.22        19780.56        45622.78
  1955        85-89            11165.72         7502.40        18668.12
  1955        90-94             3439.68         1964.86         5404.54
  1955        95-99              612.40          304.73          917.13
  1955       100-104              61.56           24.01           85.57
  1955       105-109               5.41            2.46            7.87
  1955       110+                  0.00            1.00            1.00
  1956           0             59908.22        62681.87       122590.09
  1956         1-4            244110.68       254395.12       498505.80
  1956         5-9            270136.72       281320.00       551456.72
  1956        10-14           204643.56       213510.69       418154.25
  1956        15-19           169717.26       174833.96       344551.22
  1956        20-24           182200.27       182608.22       364808.49
  1956        25-29           204775.34       211000.55       415775.89
  1956        30-34           218318.63       213635.07       431953.70
  1956        35-39           192959.44       194550.69       387510.13
  1956        40-44           173834.52       183184.38       357018.90
  1956        45-49           149475.89       159309.32       308785.21
  1956        50-54           129875.35       137842.19       267717.54
  1956        55-59           116350.42       118317.27       234667.69
  1956        60-64            98258.63        95066.84       193325.47
  1956        65-69            85416.98        81108.49       166525.47
  1956        70-74            69925.48        62858.64       132784.12
  1956        75-79            44425.21        37983.57        82408.78
  1956        80-84            26867.81        20445.65        47313.46
  1956        85-89            11788.98         8007.74        19796.72
  1956        90-94             3614.01         2017.87         5631.88
  1956        95-99              645.08          328.98          974.06
  1956       100-104              59.23           25.31           84.54
  1956       105-109               5.40            2.45            7.85
  1956       110+                  0.47            1.00            1.47
  1957           0             63346.92        66034.72       129381.64
  1957         1-4            254381.85       264644.19       519026.04
  1957         5-9            282952.59       294927.96       577880.55
  1957        10-14           219537.81       229938.08       449475.89
  1957        15-19           175293.43       182069.03       357362.46
  1957        20-24           186726.57       186776.71       373503.28
  1957        25-29           209368.21       216318.36       425686.57
  1957        30-34           225693.16       222460.54       448153.70
  1957        35-39           201886.02       201985.75       403871.77
  1957        40-44           178917.80       187200.82       366118.62
  1957        45-49           154426.30       164484.66       318910.96
  1957        50-54           132775.89       140959.17       273735.06
  1957        55-59           118325.47       120917.26       239242.73
  1957        60-64           100142.19        96917.26       197059.45
  1957        65-69            86583.57        81866.86       168450.43
  1957        70-74            72083.84        63925.20       136009.04
  1957        75-79            45908.78        39216.98        85125.76
  1957        80-84            28377.26        21137.47        49514.73
  1957        85-89            11979.77         8142.79        20122.56
  1957        90-94             3778.87         2074.08         5852.95
  1957        95-99              673.71          326.82         1000.53
  1957       100-104              55.90           31.41           87.31
  1957       105-109               4.47            3.45            7.92
  1957       110+                  0.00            1.00            1.00
  1958           0             67834.53        70995.32       138829.85
  1958         1-4            265227.11       276433.45       541660.56
  1958         5-9            295403.02       308061.37       603464.39
  1958        10-14           237678.90       249337.54       487016.44
  1958        15-19           184510.69       192410.68       376921.37
  1958        20-24           191934.25       191709.05       383643.30
  1958        25-29           213367.13       220216.99       433584.12
  1958        30-34           229158.63       228659.19       457817.82
  1958        35-39           212110.41       211243.58       423353.99
  1958        40-44           183684.38       190333.98       374018.36
  1958        45-49           159951.23       169584.38       329535.61
  1958        50-54           136617.55       144367.40       280984.95
  1958        55-59           119958.64       122641.92       242600.56
  1958        60-64           102092.05        98700.28       200792.33
  1958        65-69            87641.92        82433.43       170075.35
  1958        70-74            73933.69        64650.14       138583.83
  1958        75-79            47633.70        40441.91        88075.61
  1958        80-84            29260.15        21515.59        50775.74
  1958        85-89            12635.51         8510.22        21145.73
  1958        90-94             3928.20         2120.75         6048.95
  1958        95-99              719.03          341.73         1060.76
  1958       100-104              57.62           31.76           89.38
  1958       105-109               3.00            3.95            6.95
  1958       110+                  0.47            1.00            1.47
  1959           0             70630.48        74341.21       144971.69
  1959         1-4            273138.02       285269.19       558407.21
  1959         5-9            306443.84       319785.75       626229.59
  1959        10-14           252853.14       265986.85       518839.99
  1959        15-19           192768.22       201076.70       393844.92
  1959        20-24           193600.00       192533.15       386133.15
  1959        25-29           212857.81       220333.16       433190.97
  1959        30-34           229991.79       232067.39       462059.18
  1959        35-39           220451.77       218434.79       438886.56
  1959        40-44           188284.38       193600.82       381885.20
  1959        45-49           165351.23       174592.87       339944.10
  1959        50-54           141117.80       148501.09       289618.89
  1959        55-59           122192.32       124967.39       247159.71
  1959        60-64           104550.69       100950.70       205501.39
  1959        65-69            89383.85        83183.56       172567.41
  1959        70-74            75767.13        65483.56       141250.69
  1959        75-79            49467.12        41716.99        91184.11
  1959        80-84            30596.22        22286.29        52882.51
  1959        85-89            13006.53         8515.11        21521.64
  1959        90-94             4048.70         2275.39         6324.09
  1959        95-99              774.85          331.55         1106.40
  1959       100-104              70.59           36.01          106.60
  1959       105-109               4.09            5.21            9.30
  1959       110+                  0.00            1.45            1.45
  1960           0             72211.95        76279.12       148491.07
  1960         1-4            278564.50       291497.60       570062.10
  1960         5-9            316760.82       330852.61       647613.43
  1960        10-14           267470.14       281736.98       549207.12
  1960        15-19           200852.04       209860.55       410712.59
  1960        20-24           194650.41       192024.93       386675.34
  1960        25-29           211258.08       218657.80       429915.88
  1960        30-34           229499.73       233983.56       463483.29
  1960        35-39           227784.93       224718.08       452503.01
  1960        40-44           192650.96       196617.27       389268.23
  1960        45-49           170576.17       179134.25       349710.42
  1960        50-54           145884.40       152717.54       298601.94
  1960        55-59           124625.47       127817.25       252442.72
  1960        60-64           107258.91       103833.97       211092.88
  1960        65-69            91467.13        84241.93       175709.06
  1960        70-74            77241.92        66250.13       143492.05
  1960        75-79            51350.40        42941.91        94292.31
  1960        80-84            31388.00        22645.00        54033.00
  1960        85-89            13633.22         8811.56        22444.78
  1960        90-94             4126.72         2405.40         6532.12
  1960        95-99              797.39          362.74         1160.13
  1960       100-104              65.65           35.39          101.04
  1960       105-109               4.01            6.92           10.93
  1960       110+                  0.00            0.00            0.00
  1961           0             74632.92        78422.33       153055.25
  1961         1-4            283194.57       297324.73       580519.30
  1961         5-9            325916.56       341265.22       667181.78
  1961        10-14           282711.57       297483.72       580195.29
  1961        15-19           209982.77       219244.84       429227.61
  1961        20-24           196099.10       191005.98       387105.08
  1961        25-29           209786.93       215299.82       425086.75
  1961        30-34           227241.16       234072.63       461313.79
  1961        35-39           234075.90       230525.35       464601.25
  1961        40-44           196068.98       199036.94       395105.92
  1961        45-49           175117.11       182613.13       357730.24
  1961        50-54           150219.46       156371.06       306590.52
  1961        55-59           126550.99       130140.66       256691.65
  1961        60-64           109689.45       106651.48       216340.93
  1961        65-69            93413.44        85374.02       178787.46
  1961        70-74            78716.56        66721.75       145438.31
  1961        75-79            52925.73        43877.94        96803.67
  1961        80-84            33058.00        23548.00        56606.00
  1961        85-89            14148.81         9058.65        23207.46
  1961        90-94             4454.98         2555.74         7010.72
  1961        95-99              816.86          368.71         1185.57
  1961       100-104              74.98           38.30          113.28
  1961       105-109               4.35            5.16            9.51
  1961       110+                  0.00            0.45            0.45
  1962           0             75118.57        78441.26       153559.83
  1962         1-4            289431.07       303997.67       593428.74
  1962         5-9            332665.10       348801.21       681466.31
  1962        10-14           295492.51       310367.10       605859.61
  1962        15-19           222584.43       231821.18       454405.61
  1962        20-24           198189.38       192314.77       390504.15
  1962        25-29           207256.13       210468.44       417724.57
  1962        30-34           223950.54       232065.57       456016.11
  1962        35-39           237279.82       234138.26       471418.08
  1962        40-44           201162.28       202644.45       403806.73
  1962        45-49           178651.04       185243.36       363894.40
  1962        50-54           154209.05       159883.29       314092.34
  1962        55-59           129374.40       132747.51       262121.91
  1962        60-64           112006.26       108842.48       220848.74
  1962        65-69            95436.99        86585.04       182022.03
  1962        70-74            79904.17        66943.60       146847.77
  1962        75-79            54651.20        44597.74        99248.94
  1962        80-84            33990.00        24216.00        58206.00
  1962        85-89            15060.26         9485.47        24545.73
  1962        90-94             4533.77         2527.79         7061.56
  1962        95-99              835.95          386.76         1222.71
  1962       100-104              90.39           41.02          131.41
  1962       105-109               4.61            3.96            8.57
  1962       110+                  0.00            0.00            0.00
  1963           0             74960.77        78580.93       153541.70
  1963         1-4            295098.06       309449.95       604548.01
  1963         5-9            340670.34       356880.43       697550.77
  1963        10-14           305002.59       319730.72       624733.31
  1963        15-19           239915.51       248298.59       488214.10
  1963        20-24           203072.05       198165.32       401237.37
  1963        25-29           205309.48       205741.27       411050.75
  1963        30-34           220515.05       228703.26       449218.31
  1963        35-39           236696.79       235255.48       471952.27
  1963        40-44           208655.18       207836.29       416491.47
  1963        45-49           181302.86       187006.40       368309.26
  1963        50-54           158033.95       163589.30       321623.25
  1963        55-59           132836.95       135570.28       268407.23
  1963        60-64           114252.76       110673.77       224926.53
  1963        65-69            97938.64        87976.67       185915.31
  1963        70-74            80711.35        67230.02       147941.37
  1963        75-79            56456.96        45072.82       101529.78
  1963        80-84            35472.00        24966.00        60438.00
  1963        85-89            15658.15         9769.59        25427.74
  1963        90-94             4820.51         2623.22         7443.73
  1963        95-99              860.40          414.51         1274.91
  1963       100-104              97.12           40.22          137.34
  1963       105-109               5.80            3.42            9.22
  1963       110+                  0.00            0.05            0.05
  1964           0             74209.41        78060.47       152269.88
  1964         1-4            298551.91       312763.29       611315.20
  1964         5-9            350627.69       367102.37       717730.06
  1964        10-14           313056.19       327810.41       640866.60
  1964        15-19           258478.42       266147.54       524625.96
  1964        20-24           211672.65       207576.19       419248.84
  1964        25-29           206157.51       204020.19       410177.70
  1964        30-34           218730.60       226224.86       444955.46
  1964        35-39           234800.50       235867.61       470668.11
  1964        40-44           217604.35       214716.68       432321.03
  1964        45-49           183913.23       188154.73       372067.96
  1964        50-54           162494.96       167988.01       330482.97
  1964        55-59           136447.37       138470.94       274918.31
  1964        60-64           116848.81       112894.14       229742.95
  1964        65-69           100546.99        89390.47       189937.46
  1964        70-74            82182.95        67910.86       150093.81
  1964        75-79            58026.59        45320.54       103347.13
  1964        80-84            36626.00        25679.00        62305.00
  1964        85-89            16341.22         9980.29        26321.51
  1964        90-94             4911.53         2615.11         7526.64
  1964        95-99              908.86          439.23         1348.09
  1964       100-104              96.79           43.81          140.60
  1964       105-109               4.59            3.53            8.12
  1964       110+                  0.00            0.05            0.05
  1965           0             72270.96        76206.01       148476.97
  1965         1-4            299652.80       313830.40       613483.20
  1965         5-9            361069.75       377801.36       738871.11
  1965        10-14           321442.17       336547.12       657989.29
  1965        15-19           274902.38       283268.84       558171.22
  1965        20-24           222824.21       219267.83       442092.04
  1965        25-29           209188.48       205936.31       415124.79
  1965        30-34           218536.44       225319.17       443855.61
  1965        35-39           233259.78       237000.98       470260.76
  1965        40-44           226511.84       222590.99       449102.83
  1965        45-49           187536.28       189933.37       377469.65
  1965        50-54           167546.09       172801.11       340347.20
  1965        55-59           140333.07       141735.87       282068.94
  1965        60-64           119816.53       115543.89       235360.42
  1965        65-69           102787.22        90848.27       193635.49
  1965        70-74            84533.52        68952.10       153485.62
  1965        75-79            59640.81        45712.78       105353.59
  1965        80-84            38432.00        26675.00        65107.00
  1965        85-89            16993.00        10259.00        27252.00
  1965        90-94             5298.22         2769.56         8067.78
  1965        95-99              958.83          482.15         1440.98
  1965       100-104              96.52           47.56          144.08
  1965       105-109               5.41            3.66            9.07
  1965       110+                  0.00            0.07            0.07
  1966           0             68046.42        72279.75       140326.17
  1966         1-4            298426.29       313042.38       611468.67
  1966         5-9            371969.54       388789.89       760759.43
  1966        10-14           331695.07       347103.45       678798.52
  1966        15-19           288984.80       298598.56       587583.36
  1966        20-24           237459.29       233914.12       471373.41
  1966        25-29           215210.60       212022.36       427232.96
  1966        30-34           219732.11       226008.65       445740.76
  1966        35-39           232865.57       238774.29       471639.86
  1966        40-44           233743.96       230020.87       463764.83
  1966        45-49           192913.26       193578.88       386492.14
  1966        50-54           172455.67       177237.94       349693.61
  1966        55-59           144457.64       145465.48       289923.12
  1966        60-64           123065.60       118423.83       241489.43
  1966        65-69           105058.47        92451.38       197509.85
  1966        70-74            87374.60        70016.63       157391.23
  1966        75-79            61281.70        46321.48       107603.18
  1966        80-84            39422.00        27054.00        66476.00
  1966        85-89            18072.00        10713.00        28785.00
  1966        90-94             5507.81         2824.65         8332.46
  1966        95-99             1046.13          485.01         1531.14
  1966       100-104             103.26           49.98          153.24
  1966       105-109               8.78            3.35           12.13
  1966       110+                  0.00            0.00            0.00
  1967           0             63833.63        67374.72       131208.35
  1967         1-4            294133.97       309531.66       603665.63
  1967         5-9            379246.77       396577.48       775824.25
  1967        10-14           343228.18       358578.12       701806.30
  1967        15-19           303444.65       312924.82       616369.47
  1967        20-24           254855.86       252698.14       507554.00
  1967        25-29           223804.77       221894.62       445699.39
  1967        30-34           221637.77       227705.59       449343.36
  1967        35-39           231893.15       240074.50       471967.65
  1967        40-44           238554.50       236120.92       474675.42
  1967        45-49           199826.35       198954.18       398780.53
  1967        50-54           176916.88       180658.75       357575.63
  1967        55-59           149252.19       149970.28       299222.47
  1967        60-64           126746.72       121567.76       248314.48
  1967        65-69           107469.64        94246.84       201716.48
  1967        70-74            89469.76        70695.34       160165.10
  1967        75-79            63541.37        47111.77       110653.14
  1967        80-84            41231.45        27647.00        68878.45
  1967        85-89            18788.00        10973.00        29761.00
  1967        90-94             5940.26         2852.47         8792.73
  1967        95-99             1069.98          480.06         1550.04
  1967       100-104              99.36           55.11          154.47
  1967       105-109               6.40            4.35           10.75
  1967       110+                  0.00            0.00            0.00
  1968           0             61146.70        64793.81       125940.51
  1968         1-4            285243.99       300550.99       585794.98
  1968         5-9            382525.21       401021.11       783546.32
  1968        10-14           354149.62       369699.56       723849.18
  1968        15-19           317085.68       325322.05       642407.73
  1968        20-24           272740.24       272389.01       545129.25
  1968        25-29           233335.32       233242.63       466577.95
  1968        30-34           223114.85       229015.04       452129.89
  1968        35-39           229893.53       239814.69       469708.22
  1968        40-44           240047.06       239806.56       479853.62
  1968        45-49           208287.60       205783.61       414071.21
  1968        50-54           180212.84       182404.05       362616.89
  1968        55-59           154734.72       155017.44       309752.16
  1968        60-64           130537.60       124666.68       255204.28
  1968        65-69           110137.49        96302.92       206440.41
  1968        70-74            90733.76        71012.39       161746.15
  1968        75-79            66019.52        47682.74       113702.26
  1968        80-84            42230.00        27874.00        70104.00
  1968        85-89            19855.00        11463.00        31318.00
  1968        90-94             6256.15         2974.59         9230.74
  1968        95-99             1197.57          484.44         1682.01
  1968       100-104             127.41           54.50          181.91
  1968       105-109               6.85            4.45           11.30
  1968       110+                  0.00            0.00            0.00
  1969           0             59884.82        63257.93       123142.75
  1969         1-4            273051.44       288187.74       561239.18
  1969         5-9            383689.89       403303.35       786993.24
  1969        10-14           363906.22       380518.13       744424.35
  1969        15-19           327598.00       335602.39       663200.39
  1969        20-24           290405.01       290445.13       580850.14
  1969        25-29           244095.95       245664.24       489760.19
  1969        30-34           224668.33       229985.40       454653.73
  1969        35-39           228272.63       238654.78       466927.41
  1969        40-44           238353.02       241144.63       479497.65
  1969        45-49           217871.09       213922.21       431793.30
  1969        50-54           182534.06       182962.49       365496.55
  1969        55-59           160444.48       160217.86       320662.34
  1969        60-64           134200.49       127649.94       261850.43
  1969        65-69           113216.73        98825.21       212041.94
  1969        70-74            92020.90        71491.48       163512.38
  1969        75-79            68023.24        48009.83       116033.07
  1969        80-84            44101.80        28418.00        72519.80
  1969        85-89            20696.00        11988.00        32684.00
  1969        90-94             6552.22         3045.29         9597.51
  1969        95-99             1241.56          460.76         1702.32
  1969       100-104             146.83           55.49          202.32
  1969       105-109              10.39            1.45           11.84
  1969       110+                  0.00            0.00            0.00
  1970           0             61188.92        63960.81       125149.73
  1970         1-4            261394.74       275516.88       536911.62
  1970         5-9            383933.30       403628.02       787561.32
  1970        10-14           373171.27       391092.05       764263.32
  1970        15-19           337624.53       346545.61       684170.14
  1970        20-24           310666.65       309354.90       620021.55
  1970        25-29           257980.56       261411.87       519392.43
  1970        30-34           228252.03       233322.39       461574.42
  1970        35-39           228184.09       238445.38       466629.47
  1970        40-44           235552.28       241554.65       477106.93
  1970        45-49           227304.99       222516.87       449821.86
  1970        50-54           185455.88       184163.09       369618.97
  1970        55-59           166191.47       165138.66       331330.13
  1970        60-64           137979.80       130944.55       268924.35
  1970        65-69           116636.49       101757.52       218394.01
  1970        70-74            93805.23        72418.09       166223.32
  1970        75-79            69789.13        48365.09       118154.22
  1970        80-84            45647.90        28713.44        74361.34
  1970        85-89            22037.00        12537.00        34574.00
  1970        90-94             6853.00         3136.00         9989.00
  1970        95-99             1347.12          476.21         1823.33
  1970       100-104             148.02           62.79          210.81
  1970       105-109               5.84            2.00            7.84
  1970       110+                  0.00            0.00            0.00
  1971           0             62782.79        65447.68       128230.47
  1971         1-4            253790.68       266455.17       520245.85
  1971         5-9            384344.13       403531.94       787876.07
  1971        10-14           383143.22       402096.10       785239.32
  1971        15-19           352697.57       363514.79       716212.36
  1971        20-24           339624.70       338656.46       678281.16
  1971        25-29           279087.38       287357.53       566444.91
  1971        30-34           236583.64       244569.51       481153.15
  1971        35-39           230462.36       242503.67       472966.03
  1971        40-44           234574.49       244815.80       479390.29
  1971        45-49           235543.32       231894.60       467437.92
  1971        50-54           191377.24       188830.36       380207.60
  1971        55-59           171978.57       170296.17       342274.74
  1971        60-64           142950.05       135507.80       278457.85
  1971        65-69           120829.32       105417.44       226246.76
  1971        70-74            96520.81        74227.69       170748.50
  1971        75-79            71815.18        48986.02       120801.20
  1971        80-84            47298.35        28981.00        76279.35
  1971        85-89            22914.00        12890.00        35804.00
  1971        90-94             7515.00         3447.00        10962.00
  1971        95-99             1458.23          524.82         1983.05
  1971       100-104             150.07           57.29          207.36
  1971       105-109               9.69            1.90           11.59
  1971       110+                  0.00            0.00            0.00
  1972           0             61756.66        65071.58       126828.24
  1972         1-4            251261.75       263059.68       514321.43
  1972         5-9            378126.88       397294.89       775421.77
  1972        10-14           390227.91       409695.27       799923.18
  1972        15-19           365656.69       377545.87       743202.56
  1972        20-24           353046.75       353709.76       706756.51
  1972        25-29           302026.70       310180.62       612207.32
  1972        30-34           245302.52       255738.64       501041.16
  1972        35-39           232002.38       244500.50       476502.88
  1972        40-44           234707.52       247649.14       482356.66
  1972        45-49           238756.14       236599.53       475355.67
  1972        50-54           200429.02       196686.36       397115.38
  1972        55-59           175209.72       172696.82       347906.54
  1972        60-64           147956.64       140282.00       288238.64
  1972        65-69           124544.86       108127.23       232672.09
  1972        70-74            98891.34        76399.82       175291.16
  1972        75-79            73848.02        49570.20       123418.22
  1972        80-84            48625.70        29331.88        77957.58
  1972        85-89            24227.45        13125.00        37352.45
  1972        90-94             7934.00         3659.00        11593.00
  1972        95-99             1616.47          545.48         2161.95
  1972       100-104             152.13           58.07          210.20
  1972       105-109               7.38            4.45           11.83
  1972       110+                  0.00            0.00            0.00
  1973           0             59956.90        63760.33       123717.23
  1973         1-4            250899.75       263000.66       513900.41
  1973         5-9            363423.85       381941.56       745365.41
  1973        10-14           395517.10       415540.25       811057.35
  1973        15-19           375709.85       388043.39       763753.24
  1973        20-24           355306.94       356342.93       711649.87
  1973        25-29           322446.78       327800.17       650246.95
  1973        30-34           255537.02       265760.32       521297.34
  1973        35-39           232630.83       243597.02       476227.85
  1973        40-44           234765.13       248516.24       483281.37
  1973        45-49           238854.64       238115.12       476969.76
  1973        50-54           212298.49       206942.75       419241.24
  1973        55-59           176176.42       172174.77       348351.19
  1973        60-64           153092.43       145186.45       298278.88
  1973        65-69           128033.70       110250.07       238283.77
  1973        70-74           101291.72        79100.08       180391.80
  1973        75-79            75782.78        50041.08       125823.86
  1973        80-84            50499.70        29867.00        80366.70
  1973        85-89            24965.00        13179.00        38144.00
  1973        90-94             8463.00         3823.00        12286.00
  1973        95-99             1694.32          577.83         2272.15
  1973       100-104             171.37           67.73          239.10
  1973       105-109               8.30            4.45           12.75
  1973       110+                  0.00            0.00            0.00
  1974           0             59091.73        62465.12       121556.85
  1974         1-4            250611.45       263835.14       514446.59
  1974         5-9            347742.69       365192.53       712935.22
  1974        10-14           399886.88       420393.57       820280.45
  1974        15-19           384677.72       398112.70       782790.42
  1974        20-24           363966.78       364683.38       728650.16
  1974        25-29           337868.47       343164.92       681033.39
  1974        30-34           267829.17       278150.62       545979.79
  1974        35-39           235137.01       244830.85       479967.86
  1974        40-44           235219.10       248854.17       484073.27
  1974        45-49           238013.58       239497.17       477510.75
  1974        50-54           223924.36       216949.18       440873.54
  1974        55-59           176858.93       171071.20       347930.13
  1974        60-64           158224.64       149979.19       308203.83
  1974        65-69           131542.90       112789.88       244332.78
  1974        70-74           104168.16        81929.17       186097.33
  1974        75-79            77532.51        50709.23       128241.74
  1974        80-84            51624.11        29892.00        81516.11
  1974        85-89            26286.80        13396.00        39682.80
  1974        90-94             8846.00         3983.00        12829.00
  1974        95-99             1757.00          566.00         2323.00
  1974       100-104             180.00           61.00          241.00
  1974       105-109              12.00            5.00           17.00
  1974       110+                  0.00            0.00            0.00
  1975           0             59739.04        62844.90       122583.94
  1975         1-4            247838.47       261599.25       509437.72
  1975         5-9            336099.89       353082.76       689182.65
  1975        10-14           401356.16       421764.20       823120.36
  1975        15-19           391938.18       406946.51       798884.69
  1975        20-24           376516.60       376637.37       753153.97
  1975        25-29           351664.84       356549.75       708214.59
  1975        30-34           280205.24       290580.95       570786.19
  1975        35-39           238918.34       247884.02       486802.36
  1975        40-44           235452.54       247860.60       483313.14
  1975        45-49           236520.84       240628.43       477149.27
  1975        50-54           232443.00       223849.74       456292.74
  1975        55-59           180003.16       172345.76       352348.92
  1975        60-64           163986.64       154775.96       318762.60
  1975        65-69           134711.28       115803.88       250515.16
  1975        70-74           107235.76        84267.25       191503.01
  1975        75-79            79503.89        52097.56       131601.45
  1975        80-84            52966.16        29995.08        82961.24
  1975        85-89            27279.90        13544.44        40824.34
  1975        90-94             9383.00         4170.00        13553.00
  1975        95-99             1846.00          593.00         2439.00
  1975       100-104             201.00           68.00          269.00
  1975       105-109               8.00            6.00           14.00
  1975       110+                  0.00            0.00            0.00
  1976           0             59971.12        62759.88       122731.00
  1976         1-4            242634.79       256371.42       499006.21
  1976         5-9            330218.98       346952.93       677171.91
  1976        10-14           396385.77       416383.60       812769.37
  1976        15-19           399156.59       416048.41       815205.00
  1976        20-24           388274.13       386978.49       775252.62
  1976        25-29           362905.97       366603.81       729509.78
  1976        30-34           292170.55       301552.62       593723.17
  1976        35-39           243038.44       251436.22       494474.66
  1976        40-44           235358.70       245843.37       481202.07
  1976        45-49           235066.18       241652.39       476718.57
  1976        50-54           237110.30       227427.06       464537.36
  1976        55-59           187381.03       177755.04       365136.07
  1976        60-64           168375.89       157990.36       326366.25
  1976        65-69           138680.10       119697.29       258377.39
  1976        70-74           110162.77        86250.69       196413.46
  1976        75-79            81810.93        54000.15       135811.08
  1976        80-84            54942.68        30154.64        85097.32
  1976        85-89            28301.35        13780.00        42081.35
  1976        90-94             9820.00         4298.00        14118.00
  1976        95-99             2058.00          689.00         2747.00
  1976       100-104             233.00           55.00          288.00
  1976       105-109               9.00            6.00           15.00
  1976       110+                  0.00            0.00            0.00
  1977           0             59098.99        61730.79       120829.78
  1977         1-4            239105.02       252164.04       491269.06
  1977         5-9            326020.04       343252.44       669272.48
  1977        10-14           386512.69       406241.64       792754.33
  1977        15-19           405642.70       423395.75       829038.45
  1977        20-24           396353.51       394012.30       790365.81
  1977        25-29           368090.27       368876.46       736966.73
  1977        30-34           308807.49       317293.99       626101.48
  1977        35-39           249598.51       257387.57       506986.08
  1977        40-44           235156.75       244203.13       479359.88
  1977        45-49           234216.49       242644.84       476861.33
  1977        50-54           238202.20       229192.79       467394.99
  1977        55-59           198145.44       186251.72       384397.16
  1977        60-64           170861.42       158909.66       329771.08
  1977        65-69           143909.73       124610.67       268520.40
  1977        70-74           113548.00        88165.04       201713.04
  1977        75-79            84121.41        56041.94       140163.35
  1977        80-84            56663.24        30740.20        87403.44
  1977        85-89            29474.70        13985.88        43460.58
  1977        90-94            10508.45         4381.00        14889.45
  1977        95-99             2123.00          733.00         2856.00
  1977       100-104             260.00           51.00          311.00
  1977       105-109              11.00            7.00           18.00
  1977       110+                  0.00            0.00            0.00
  1978           0             58943.59        61663.53       120607.12
  1978         1-4            237954.80       250140.42       488095.22
  1978         5-9            321999.95       339956.03       661955.98
  1978        10-14           373526.24       392766.47       766292.71
  1978        15-19           410572.80       427884.06       838456.86
  1978        20-24           401604.36       399457.62       801061.98
  1978        25-29           370578.04       367261.60       737839.64
  1978        30-34           327340.30       334259.52       661599.82
  1978        35-39           259585.33       267247.42       526832.75
  1978        40-44           234904.06       243226.69       478130.75
  1978        45-49           234451.15       243869.01       478320.16
  1978        50-54           237200.04       230178.91       467378.95
  1978        55-59           210338.45       196125.32       406463.77
  1978        60-64           172670.04       158708.28       331378.32
  1978        65-69           148885.41       129219.96       278105.37
  1978        70-74           117575.54        90321.34       207896.88
  1978        75-79            86588.36        58245.59       144833.95
  1978        80-84            58022.07        31116.79        89138.86
  1978        85-89            30752.70        14322.00        45074.70
  1978        90-94            11082.00         4468.00        15550.00
  1978        95-99             2350.00          818.00         3168.00
  1978       100-104             256.00           54.00          310.00
  1978       105-109              21.00            4.00           25.00
  1978       110+                  0.00            1.00            1.00
  1979           0             58652.12        61555.18       120207.30
  1979         1-4            237292.37       249070.14       486362.51
  1979         5-9            317863.73       335929.96       653793.69
  1979        10-14           357648.25       375959.99       733608.24
  1979        15-19           414842.90       432068.92       846911.82
  1979        20-24           405534.89       404998.56       810533.45
  1979        25-29           375167.54       368184.92       743352.46
  1979        30-34           341349.10       346020.70       687369.80
  1979        35-39           270360.70       278107.34       548468.04
  1979        40-44           236652.21       244485.24       481137.45
  1979        45-49           234572.19       243925.13       478497.32
  1979        50-54           235829.21       231508.74       467337.95
  1979        55-59           221810.97       205789.65       427600.62
  1979        60-64           173854.69       158139.65       331994.34
  1979        65-69           153627.59       133391.46       287019.05
  1979        70-74           121713.80        93007.02       214720.82
  1979        75-79            89447.49        60564.27       150011.76
  1979        80-84            60412.82        31780.50        92193.32
  1979        85-89            31781.11        14586.00        46367.11
  1979        90-94            11980.80         4640.00        16620.80
  1979        95-99             2563.00          860.00         3423.00
  1979       100-104             312.00           58.00          370.00
  1979       105-109              14.00            4.00           18.00
  1979       110+                  0.00            1.00            1.00
  1980           0             58814.33        61735.32       120549.65
  1980         1-4            235633.59       247289.47       482923.06
  1980         5-9            312481.52       330524.24       643005.76
  1980        10-14           343776.72       361590.11       705366.83
  1980        15-19           416390.85       434347.33       850738.18
  1980        20-24           410122.66       411726.87       821849.53
  1980        25-29           381172.42       371579.88       752752.30
  1980        30-34           354317.92       356043.24       710361.16
  1980        35-39           279565.02       287673.89       567238.91
  1980        40-44           240523.38       248107.18       488630.56
  1980        45-49           233808.23       242313.44       476121.67
  1980        50-54           234755.35       233538.33       468293.68
  1980        55-59           229581.34       212520.30       442101.64
  1980        60-64           177401.01       160173.39       337574.40
  1980        65-69           159173.09       137716.90       296889.99
  1980        70-74           125464.97        96128.54       221593.51
  1980        75-79            92445.23        62561.70       155006.93
  1980        80-84            61547.53        32647.95        94195.48
  1980        85-89            33076.16        14880.08        47956.24
  1980        90-94            12705.90         4758.44        17464.34
  1980        95-99             2851.00          946.00         3797.00
  1980       100-104             353.00           68.00          421.00
  1980       105-109              17.00            3.00           20.00
  1980       110+                  0.00            2.00            2.00
  1981           0             59357.16        62153.33       121510.49
  1981         1-4            233741.22       245414.89       479156.11
  1981         5-9            306148.64       324169.36       630318.00
  1981        10-14           335122.04       352642.84       687764.88
  1981        15-19           411346.87       430831.07       842177.94
  1981        20-24           416640.19       419396.65       836036.84
  1981        25-29           386026.41       374846.09       760872.50
  1981        30-34           366051.23       364321.95       730373.18
  1981        35-39           288954.69       297303.50       586258.19
  1981        40-44           245262.60       252815.21       498077.81
  1981        45-49           232827.07       240282.49       473109.56
  1981        50-54           234459.35       236144.82       470604.17
  1981        55-59           233315.91       216089.48       449405.39
  1981        60-64           184961.21       166412.69       351373.90
  1981        65-69           163839.20       140875.28       304714.48
  1981        70-74           129151.11        99613.50       228764.61
  1981        75-79            95493.12        64241.89       159735.01
  1981        80-84            63994.75        34190.44        98185.19
  1981        85-89            34663.68        15044.64        49708.32
  1981        90-94            13183.35         5006.00        18189.35
  1981        95-99             3026.00          992.00         4018.00
  1981       100-104             381.00           87.00          468.00
  1981       105-109              27.00            5.00           32.00
  1981       110+                  1.00            3.00            4.00
  1982           0             59767.46        62387.82       122155.28
  1982         1-4            234282.24       246230.85       480513.09
  1982         5-9            301401.84       318369.24       619771.08
  1982        10-14           330587.53       348549.43       679136.96
  1982        15-19           400264.27       421763.61       822027.88
  1982        20-24           423185.75       427791.36       850977.11
  1982        25-29           392386.50       381048.36       773434.86
  1982        30-34           370219.73       365629.68       735849.41
  1982        35-39           305630.43       313048.60       618679.03
  1982        40-44           251503.00       258801.18       510304.18
  1982        45-49           232631.87       239184.00       471815.87
  1982        50-54           234458.14       238210.85       472668.99
  1982        55-59           234676.33       218735.78       453412.11
  1982        60-64           195176.28       174872.99       370049.27
  1982        65-69           166686.59       142560.83       309247.42
  1982        70-74           133192.95       103301.61       236494.56
  1982        75-79            98810.97        65958.82       164769.79
  1982        80-84            65129.95        35149.40       100279.35
  1982        85-89            36063.24        15419.20        51482.44
  1982        90-94            14015.70         5150.88        19166.58
  1982        95-99             3265.45         1010.00         4275.45
  1982       100-104             405.00          107.00          512.00
  1982       105-109              36.00            4.00           40.00
  1982       110+                  1.00            4.00            5.00
  1983           0             60551.68        63618.04       124169.72
  1983         1-4            237173.68       249319.62       486493.30
  1983         5-9            299641.31       315017.08       614658.39
  1983        10-14           327751.70       346569.65       674321.35
  1983        15-19           386370.16       408881.12       795251.28
  1983        20-24           429553.69       438608.77       868162.46
  1983        25-29           402470.64       392460.40       794931.04
  1983        30-34           371449.11       364569.90       736019.01
  1983        35-39           325623.85       331026.17       656650.02
  1983        40-44           260396.87       267135.65       527532.52
  1983        45-49           233437.83       239368.99       472806.82
  1983        50-54           234658.91       239416.97       474075.88
  1983        55-59           235250.24       221443.65       456693.89
  1983        60-64           206835.15       184234.16       391069.31
  1983        65-69           168030.60       143027.95       311058.55
  1983        70-74           137529.92       107235.66       244765.58
  1983        75-79           102300.09        67688.42       169988.51
  1983        80-84            67052.90        37031.10       104084.00
  1983        85-89            37206.07        15745.79        52951.86
  1983        90-94            14769.70         5199.00        19968.70
  1983        95-99             3489.00         1045.00         4534.00
  1983       100-104             454.00          117.00          571.00
  1983       105-109              29.00            6.00           35.00
  1983       110+                  1.00            2.00            3.00
  1984           0             61669.38        64929.56       126598.94
  1984         1-4            240962.20       253619.66       494581.86
  1984         5-9            299527.86       314389.69       613917.55
  1984        10-14           324837.32       343321.45       668158.77
  1984        15-19           370972.64       393092.62       764065.26
  1984        20-24           436414.61       450547.95       886962.56
  1984        25-29           411792.40       404603.87       816396.27
  1984        30-34           378074.52       368943.06       747017.58
  1984        35-39           341552.30       344806.58       686358.88
  1984        40-44           270829.23       277031.97       547861.20
  1984        45-49           236270.43       241514.36       477784.79
  1984        50-54           234506.68       239339.82       473846.50
  1984        55-59           235039.19       224134.23       459173.42
  1984        60-64           218505.82       193533.82       412039.64
  1984        65-69           168652.11       142623.45       311275.56
  1984        70-74           142238.98       111459.40       253698.38
  1984        75-79           105675.66        69793.84       175469.50
  1984        80-84            69056.27        38441.00       107497.27
  1984        85-89            38689.82        16068.50        54758.32
  1984        90-94            15455.11         5354.00        20809.11
  1984        95-99             3815.80         1070.00         4885.80
  1984       100-104             491.00          120.00          611.00
  1984       105-109              42.00            5.00           47.00
  1984       110+                  0.00            2.00            2.00
  1985           0             62850.35        66088.61       128938.96
  1985         1-4            244714.07       257958.74       502672.81
  1985         5-9            300330.34       315493.84       615824.18
  1985        10-14           321235.81       338597.10       659832.91
  1985        15-19           357635.29       379418.91       737054.20
  1985        20-24           441116.30       458978.67       900094.97
  1985        25-29           419991.07       416979.03       836970.10
  1985        30-34           388770.27       377983.69       766753.96
  1985        35-39           356210.86       357467.11       713677.97
  1985        40-44           280968.06       286858.46       567826.52
  1985        45-49           240188.81       244939.02       485127.83
  1985        50-54           233919.21       237929.81       471849.02
  1985        55-59           234390.54       226995.60       461386.14
  1985        60-64           226380.28       199937.74       426318.02
  1985        65-69           172368.56       144687.69       317056.25
  1985        70-74           147250.75       115559.85       262810.60
  1985        75-79           108800.41        72349.15       181149.56
  1985        80-84            72032.14        40132.69       112164.83
  1985        85-89            39638.53        16599.95        56238.48
  1985        90-94            16164.16         5543.08        21707.24
  1985        95-99             4133.90         1156.44         5290.34
  1985       100-104             532.00          121.00          653.00
  1985       105-109              34.00            7.00           41.00
  1985       110+                  0.00            2.00            2.00
  1986           0             64065.98        67145.30       131211.28
  1986         1-4            248267.14       261825.85       510092.99
  1986         5-9            302026.30       318182.52       620208.82
  1986        10-14           316365.35       332441.54       648806.89
  1986        15-19           350610.42       372207.30       722817.72
  1986        20-24           439478.75       460578.24       900056.99
  1986        25-29           429814.84       431996.09       861810.93
  1986        30-34           400644.27       389195.03       789839.30
  1986        35-39           369431.36       369118.82       738550.18
  1986        40-44           292662.97       298363.55       591026.52
  1986        45-49           244369.13       248913.86       493282.99
  1986        50-54           233288.57       236335.31       469623.88
  1986        55-59           234441.61       230243.79       464685.40
  1986        60-64           229846.22       203354.63       433200.85
  1986        65-69           180372.86       150677.71       331050.57
  1986        70-74           151474.83       118583.96       270058.79
  1986        75-79           111869.50        75118.44       186987.94
  1986        80-84            74094.75        41188.73       115283.48
  1986        85-89            41314.75        17499.44        58814.19
  1986        90-94            16991.68         5543.64        22535.32
  1986        95-99             4280.35         1241.00         5521.35
  1986       100-104             590.00          133.00          723.00
  1986       105-109              27.00            7.00           34.00
  1986       110+                  0.00            1.00            1.00
  1987           0             65168.54        68040.15       133208.69
  1987         1-4            254046.18       267785.47       521831.65
  1987         5-9            306628.29       323981.86       630610.15
  1987        10-14           313322.81       328799.44       642122.25
  1987        15-19           348297.73       369417.53       717715.26
  1987        20-24           431206.59       455045.12       886251.71
  1987        25-29           442942.62       450810.95       893753.57
  1987        30-34           413665.90       404079.23       817745.13
  1987        35-39           377792.06       376011.09       753803.15
  1987        40-44           311555.74       316916.74       628472.48
  1987        45-49           251458.78       256038.14       507496.92
  1987        50-54           233148.06       235867.89       469015.95
  1987        55-59           234982.37       232753.60       467735.97
  1987        60-64           231796.12       206790.30       438586.42
  1987        65-69           190857.86       159023.65       349881.51
  1987        70-74           154525.03       120439.63       274964.66
  1987        75-79           115608.74        78353.92       193962.66
  1987        80-84            76643.70        42263.96       118907.66
  1987        85-89            42258.95        18057.40        60316.35
  1987        90-94            17470.24         5676.20        23146.44
  1987        95-99             4598.70         1249.88         5848.58
  1987       100-104             603.45          131.00          734.45
  1987       105-109              37.00           12.00           49.00
  1987       110+                  0.00            0.00            0.00
  1988           0             65893.45        69265.72       135159.17
  1988         1-4            261582.98       275182.80       536765.78
  1988         5-9            314383.45       332548.10       646931.55
  1988        10-14           314128.90       329763.18       643892.08
  1988        15-19           347720.18       368302.89       716023.07
  1988        20-24           419999.70       442197.20       862196.90
  1988        25-29           457781.04       469250.59       927031.63
  1988        30-34           428195.41       421401.24       849596.65
  1988        35-39           385652.45       381194.60       766847.05
  1988        40-44           333433.21       337965.95       671399.16
  1988        45-49           262448.82       267233.52       529682.34
  1988        50-54           233890.48       236811.67       470702.15
  1988        55-59           235434.87       234162.26       469597.13
  1988        60-64           233336.10       210789.67       444125.77
  1988        65-69           202190.18       168321.83       370512.01
  1988        70-74           156220.62       121193.94       277414.56
  1988        75-79           119761.15        81978.00       201739.15
  1988        80-84            79003.06        43263.77       122266.83
  1988        85-89            43674.90        19147.10        62822.00
  1988        90-94            18170.07         5792.79        23962.86
  1988        95-99             4834.70         1265.00         6099.70
  1988       100-104             635.00          150.00          785.00
  1988       105-109              46.00           14.00           60.00
  1988       110+                  0.00            0.00            0.00
  1989           0             67305.92        71001.53       138307.45
  1989         1-4            268537.57       282522.30       551059.87
  1989         5-9            323896.62       342715.25       666611.87
  1989        10-14           316825.98       332906.42       649732.40
  1989        15-19           348741.62       369287.30       718028.92
  1989        20-24           412204.91       428189.39       840394.30
  1989        25-29           475830.91       487031.63       962862.54
  1989        30-34           444704.29       439964.10       884668.39
  1989        35-39           399546.09       392069.68       791615.77
  1989        40-44           353325.29       356281.22       709606.51
  1989        45-49           275056.22       280068.13       555124.35
  1989        50-54           237214.12       240271.78       477485.90
  1989        55-59           235405.05       234780.42       470185.47
  1989        60-64           233669.32       214302.46       447971.78
  1989        65-69           213582.01       177600.60       391182.61
  1989        70-74           157380.54       121543.51       278924.05
  1989        75-79           124237.13        85725.77       209962.90
  1989        80-84            81919.17        45110.27       127029.44
  1989        85-89            45035.27        19870.00        64905.27
  1989        90-94            18822.82         5848.50        24671.32
  1989        95-99             5006.11         1262.00         6268.11
  1989       100-104             697.80          161.00          858.80
  1989       105-109              50.00           15.00           65.00
  1989       110+                  2.00            1.00            3.00
  1990           0             70945.55        74789.84       145735.39
  1990         1-4            274391.97       289193.98       563585.95
  1990         5-9            332996.82       352155.12       685151.94
  1990        10-14           319693.38       336204.13       655897.51
  1990        15-19           348552.36       369920.94       718473.30
  1990        20-24           406241.78       417303.78       823545.56
  1990        25-29           489213.80       498089.23       987303.03
  1990        30-34           461012.40       457100.88       918113.28
  1990        35-39           415731.25       405654.05       821385.30
  1990        40-44           373194.65       373172.58       746367.23
  1990        45-49           286957.39       291813.55       578770.94
  1990        50-54           242135.37       245189.19       487324.56
  1990        55-59           235064.01       234313.30       469377.31
  1990        60-64           233167.30       217392.51       450559.81
  1990        65-69           221892.26       184615.14       406507.40
  1990        70-74           161440.55       124552.71       285993.26
  1990        75-79           129238.58        89576.78       218815.36
  1990        80-84            83951.49        46554.81       130506.30
  1990        85-89            46897.14        20705.69        67602.83
  1990        90-94            19284.53         6001.95        25286.48
  1990        95-99             5223.16         1337.08         6560.24
  1990       100-104             755.90          176.44          932.34
  1990       105-109              49.00           13.00           62.00
  1990       110+                  3.00            1.00            4.00
  1991           0             73846.41        77911.72       151758.13
  1991         1-4            279733.16       294596.83       574329.99
  1991         5-9            339803.36       358121.26       697924.62
  1991        10-14           323488.00       340602.92       664090.92
  1991        15-19           345403.52       367740.59       713144.11
  1991        20-24           397526.36       408864.58       806390.94
  1991        25-29           484043.11       495341.28       979384.39
  1991        30-34           472982.93       472827.68       945810.61
  1991        35-39           427791.31       417561.59       845352.90
  1991        40-44           390358.39       387622.53       777980.92
  1991        45-49           299458.85       303657.90       603116.75
  1991        50-54           247786.11       250538.97       498325.08
  1991        55-59           234355.54       233263.82       467619.36
  1991        60-64           232667.34       220439.86       453107.20
  1991        65-69           225673.10       188740.17       414413.27
  1991        70-74           169075.84       130997.43       300073.27
  1991        75-79           132972.66        92521.80       225494.46
  1991        80-84            86720.83        48745.43       135466.26
  1991        85-89            48611.75        21434.73        70046.48
  1991        90-94            20169.75         6384.44        26554.19
  1991        95-99             5408.68         1346.64         6755.32
  1991       100-104             794.35          182.00          976.35
  1991       105-109              65.00           11.00           76.00
  1991       110+                  3.00            0.00            3.00
  1992           0             74232.65        78340.96       152573.61
  1992         1-4            286669.84       301641.96       588311.80
  1992         5-9            346030.71       363642.36       709673.07
  1992        10-14           329269.33       347242.27       676511.60
  1992        15-19           342372.16       363753.99       706126.15
  1992        20-24           391732.74       403780.48       795513.22
  1992        25-29           470563.94       482911.68       953475.62
  1992        30-34           481708.49       485143.10       966851.59
  1992        35-39           438088.39       428174.50       866262.89
  1992        40-44           398395.68       393205.33       791601.01
  1992        45-49           318682.78       321143.98       639826.76
  1992        50-54           255529.60       257313.09       512842.69
  1992        55-59           234319.36       232669.06       466988.42
  1992        60-64           232853.67       222964.07       455817.74
  1992        65-69           226893.75       191878.43       418772.18
  1992        70-74           178612.78       138811.46       317424.24
  1992        75-79           135236.03        94200.81       229436.84
  1992        80-84            88856.72        50930.31       139787.03
  1992        85-89            50403.70        21916.96        72320.66
  1992        90-94            20704.95         6672.40        27377.35
  1992        95-99             5543.24         1311.20         6854.44
  1992       100-104             864.70          169.88         1034.58
  1992       105-109              69.45            9.00           78.45
  1992       110+                  5.00            2.00            7.00
  1993           0             73236.63        77186.88       150423.51
  1993         1-4            293909.50       309306.54       603216.04
  1993         5-9            351665.23       369482.65       721147.88
  1993        10-14           335688.25       354262.96       689951.21
  1993        15-19           340897.30       360412.86       701310.16
  1993        20-24           387030.90       398388.76       785419.66
  1993        25-29           456490.51       464651.30       921141.81
  1993        30-34           488949.36       492909.67       981859.03
  1993        35-39           449529.97       439529.60       889059.57
  1993        40-44           401795.62       393353.06       795148.68
  1993        45-49           340659.95       340511.10       681171.05
  1993        50-54           265781.98       266027.76       531809.74
  1993        55-59           235782.64       233203.91       468986.55
  1993        60-64           233711.19       224624.48       458335.67
  1993        65-69           227304.86       194954.50       422259.36
  1993        70-74           188768.55       146689.11       335457.66
  1993        75-79           136462.33        94930.69       231393.02
  1993        80-84            92525.24        53455.97       145981.21
  1993        85-89            52194.06        22530.77        74724.83
  1993        90-94            21549.90         7083.10        28633.00
  1993        95-99             5791.07         1304.79         7095.86
  1993       100-104             850.70          184.00         1034.70
  1993       105-109              69.00            8.00           77.00
  1993       110+                  7.00            2.00            9.00
  1994           0             71954.36        75893.08       147847.44
  1994         1-4            297962.11       313323.47       611285.58
  1994         5-9            356190.65       374462.99       730653.64
  1994        10-14           342947.63       361458.26       704405.89
  1994        15-19           341297.78       360634.22       701932.00
  1994        20-24           381126.92       391916.50       773043.42
  1994        25-29           439872.94       444427.78       884300.72
  1994        30-34           495533.19       501039.10       996572.29
  1994        35-39           459855.33       451223.44       911078.77
  1994        40-44           409604.76       398240.81       807845.57
  1994        45-49           358945.15       356346.30       715291.45
  1994        50-54           277150.67       275687.70       552838.37
  1994        55-59           239843.97       236115.05       475959.02
  1994        60-64           234189.12       225510.96       459700.08
  1994        65-69           226679.92       197549.62       424229.54
  1994        70-74           198595.88       154349.88       352945.76
  1994        75-79           136902.87        95171.47       232074.34
  1994        80-84            95255.67        55457.17       150712.84
  1994        85-89            54247.17        23664.27        77911.44
  1994        90-94            22432.27         7512.00        29944.27
  1994        95-99             6024.82         1316.50         7341.32
  1994       100-104             877.11          166.00         1043.11
  1994       105-109              55.80           11.00           66.80
  1994       110+                  4.00            0.00            4.00
  1995           0             71570.09        75678.33       147248.42
  1995         1-4            297728.26       313116.97       610845.23
  1995         5-9            361550.53       380280.44       741830.97
  1995        10-14           350318.06       368810.39       719128.45
  1995        15-19           343978.07       363879.66       707857.73
  1995        20-24           376540.00       386125.63       762665.63
  1995        25-29           425747.34       426874.62       852621.96
  1995        30-34           499801.02       505449.01      1005250.03
  1995        35-39           469942.30       462814.80       932757.10
  1995        40-44           420947.80       407574.23       828522.03
  1995        45-49           376232.71       371232.98       747465.69
  1995        50-54           287955.94       284791.75       572747.69
  1995        55-59           245300.99       240219.68       485520.67
  1995        60-64           234309.70       225655.45       459965.15
  1995        65-69           225654.76       200059.25       425714.01
  1995        70-74           205374.70       159912.88       365287.58
  1995        75-79           139731.86        97301.86       237033.72
  1995        80-84            99354.78        58093.91       157448.69
  1995        85-89            55654.49        24504.81        80159.30
  1995        90-94            23357.14         7782.69        31139.83
  1995        95-99             6056.53         1397.95         7454.48
  1995       100-104             851.16          151.08         1002.24
  1995       105-109              64.90           11.44           76.34
  1995       110+                  2.00            0.00            2.00
  1996           0             71640.10        75631.55       147271.65
  1996         1-4            296194.02       311694.11       607888.13
  1996         5-9            367277.17       386520.14       753797.31
  1996        10-14           357086.98       376332.22       733419.20
  1996        15-19           347661.53       368148.02       715809.55
  1996        20-24           371097.60       380094.36       751191.96
  1996        25-29           416291.24       414589.71       830880.95
  1996        30-34           497011.38       502293.90       999305.28
  1996        35-39           481507.38       476225.42       957732.80
  1996        40-44           433337.13       419105.84       852442.97
  1996        45-49           391651.05       384992.71       776643.76
  1996        50-54           299825.58       295536.17       595361.75
  1996        55-59           250854.73       244486.99       495341.72
  1996        60-64           234192.97       225118.58       459311.55
  1996        65-69           225792.62       203323.18       429115.80
  1996        70-74           208638.74       162987.05       371625.79
  1996        75-79           146292.11       102295.31       248587.42
  1996        80-84           101684.48        59671.07       161355.55
  1996        85-89            57392.83        25782.43        83175.26
  1996        90-94            24132.75         7871.73        32004.48
  1996        95-99             6327.75         1454.44         7782.19
  1996       100-104             891.68          148.64         1040.32
  1996       105-109              59.35           14.00           73.35
  1996       110+                  3.00            0.00            3.00
  1997           0             69083.41        72532.48       141615.89
  1997         1-4            295206.77       310558.77       605765.54
  1997         5-9            373437.71       392973.53       766411.24
  1997        10-14           363878.61       383923.57       747802.18
  1997        15-19           352351.83       373277.03       725628.86
  1997        20-24           366468.21       377095.90       743564.11
  1997        25-29           410643.29       409041.56       819684.85
  1997        30-34           487924.74       493032.75       980957.49
  1997        35-39           492971.04       490494.17       983465.21
  1997        40-44           446586.65       432771.08       879357.73
  1997        45-49           399674.99       392318.40       791993.39
  1997        50-54           318453.43       313937.70       632391.13
  1997        55-59           257575.68       250384.15       507959.83
  1997        60-64           234414.13       224830.63       459244.76
  1997        65-69           226398.04       206595.27       432993.31
  1997        70-74           210055.15       165735.48       375790.63
  1997        75-79           154824.27       108666.14       263490.41
  1997        80-84           104047.68        61338.74       165386.42
  1997        85-89            58634.72        26754.31        85389.03
  1997        90-94            24875.70         8037.96        32913.66
  1997        95-99             6616.95         1496.40         8113.35
  1997       100-104             928.24          146.20         1074.44
  1997       105-109              65.70           17.88           83.58
  1997       110+                  4.45            0.00            4.45
  1998           0             65926.42        69075.53       135001.95
  1998         1-4            292603.61       306965.39       599569.00
  1998         5-9            380156.71       399537.44       779694.15
  1998        10-14           370195.69       390345.02       760540.71
  1998        15-19           359033.47       380004.39       739037.86
  1998        20-24           364597.16       377431.02       742028.18
  1998        25-29           406129.33       406515.03       812644.36
  1998        30-34           475444.08       478571.65       954015.73
  1998        35-39           503358.41       503728.59      1007087.00
  1998        40-44           460126.44       447950.00       908076.44
  1998        45-49           404548.86       396037.28       800586.14
  1998        50-54           339895.85       335713.98       675609.83
  1998        55-59           266255.09       258875.10       525130.19
  1998        60-64           235413.60       225424.48       460838.08
  1998        65-69           227022.68       208904.06       435926.74
  1998        70-74           210470.99       169034.06       379505.05
  1998        75-79           164083.09       115427.88       279510.97
  1998        80-84           104493.81        61583.65       166077.46
  1998        85-89            60704.24        28209.97        88914.21
  1998        90-94            25469.06         8367.77        33836.83
  1998        95-99             6811.90         1546.10         8358.00
  1998       100-104             970.07          134.79         1104.86
  1998       105-109              65.70            8.00           73.70
  1998       110+                  4.00            0.00            4.00
  1999           0             64946.89        67801.98       132748.87
  1999         1-4            288567.84       301370.28       589938.12
  1999         5-9            384965.49       404086.54       789052.03
  1999        10-14           375599.12       395449.46       771048.58
  1999        15-19           367627.07       388255.21       755882.28
  1999        20-24           365647.21       380116.31       745763.52
  1999        25-29           401930.67       403755.41       805686.08
  1999        30-34           461082.57       461618.89       922701.46
  1999        35-39           512883.19       515726.78      1028609.97
  1999        40-44           471736.87       461613.42       933350.29
  1999        45-49           413916.80       403304.61       817221.41
  1999        50-54           357545.52       353636.61       711182.13
  1999        55-59           275835.66       268618.60       544454.26
  1999        60-64           238273.72       227474.61       465748.33
  1999        65-69           227154.20       209992.43       437146.63
  1999        70-74           210124.05       172193.60       382317.65
  1999        75-79           173080.05       122139.00       295219.05
  1999        80-84           105413.53        62061.63       167475.16
  1999        85-89            62793.67        29370.17        92163.84
  1999        90-94            26291.17         8783.27        35074.44
  1999        95-99             7026.27         1673.00         8699.27
  1999       100-104             975.82          126.50         1102.32
  1999       105-109              57.11            5.00           62.11
  1999       110+                  3.80            0.00            3.80
  2000           0             64855.35        67761.91       132617.26
  2000         1-4            284796.83       295515.68       580312.51
  2000         5-9            387156.52       405998.69       793155.21
  2000        10-14           381678.54       401223.86       782902.40
  2000        15-19           377217.70       397688.61       774906.31
  2000        20-24           370189.23       386606.46       756795.69
  2000        25-29           399364.79       403358.49       802723.28
  2000        30-34           449804.51       449993.73       899798.24
  2000        35-39           519724.07       524773.01      1044497.08
  2000        40-44           482793.42       475555.76       958349.18
  2000        45-49           426490.65       414639.93       841130.58
  2000        50-54           374714.51       370101.49       744816.00
  2000        55-59           285086.67       278533.56       563620.23
  2000        60-64           242218.08       230493.16       472711.24
  2000        65-69           226608.81       210097.86       436706.67
  2000        70-74           209740.88       175444.29       385185.17
  2000        75-79           179378.72       127410.95       306789.67
  2000        80-84           107150.69        63286.94       170437.63
  2000        85-89            65556.43        30785.75        96342.18
  2000        90-94            26790.82         9065.59        35856.41
  2000        95-99             6986.46         1605.41         8591.87
  2000       100-104             926.35          157.00         1083.35
  2000       105-109              53.00            3.00           56.00
  2000       110+                  2.00            0.00            2.00
  2001           0             63815.81        67187.53       131003.34
  2001         1-4            282899.95       291735.94       574635.89
  2001         5-9            389166.98       407082.78       796249.76
  2001        10-14           388591.40       408163.15       796754.55
  2001        15-19           387307.45       408012.16       795319.61
  2001        20-24           378323.53       395690.42       774013.95
  2001        25-29           399136.57       405829.28       804965.85
  2001        30-34           446548.53       447559.56       894108.09
  2001        35-39           520706.16       527219.22      1047925.38
  2001        40-44           496097.02       492633.52       988730.54
  2001        45-49           440013.39       428178.16       868191.55
  2001        50-54           391458.38       385364.34       776822.72
  2001        55-59           296236.35       290768.94       587005.29
  2001        60-64           246815.01       234440.66       481255.67
  2001        65-69           226272.26       209576.20       435848.46
  2001        70-74           210336.24       179550.46       389886.70
  2001        75-79           182692.37       131047.51       313739.88
  2001        80-84           113908.09        67918.36       181826.45
  2001        85-89            67434.72        31945.27        99379.99
  2001        90-94            27815.39         9613.66        37429.05
  2001        95-99             7213.07         1651.00         8864.07
  2001       100-104             955.24          151.00         1106.24
  2001       105-109              52.00            4.00           56.00
  2001       110+                  2.00            1.00            3.00
  2002           0             62740.23        66161.65       128901.88
  2002         1-4            279038.98       288387.90       567426.88
  2002         5-9            389576.66       406394.35       795971.01
  2002        10-14           396975.56       416577.90       813553.46
  2002        15-19           395652.43       417335.89       812988.32
  2002        20-24           388455.22       404830.13       793285.35
  2002        25-29           401247.21       408036.79       809284.00
  2002        30-34           447776.34       450311.98       898088.32
  2002        35-39           516022.03       523130.10      1039152.13
  2002        40-44           509566.40       510375.10      1019941.50
  2002        45-49           454434.60       443487.78       897922.38
  2002        50-54           401377.85       393324.01       794701.86
  2002        55-59           315463.79       309901.94       625365.73
  2002        60-64           253923.45       240941.65       494865.10
  2002        65-69           227000.72       209260.44       436261.16
  2002        70-74           211574.14       183180.51       394754.65
  2002        75-79           184922.74       134444.78       319367.52
  2002        80-84           121261.61        72955.37       194216.98
  2002        85-89            69428.83        33316.81       102745.64
  2002        90-94            28537.81         9955.42        38493.23
  2002        95-99             7541.30         1730.24         9271.54
  2002       100-104             977.90          139.34         1117.24
  2002       105-109              63.00            9.00           72.00
  2002       110+                  1.00            1.00            2.00
  2003           0             63094.24        66319.78       129414.02
  2003         1-4            272457.48       283513.74       555971.22
  2003         5-9            385917.33       402135.51       788052.84
  2003        10-14           405338.36       424659.25       829997.61
  2003        15-19           401043.35       424040.99       825084.34
  2003        20-24           398806.63       414260.70       813067.33
  2003        25-29           404297.17       407945.47       812242.64
  2003        30-34           446698.22       450679.54       897377.76
  2003        35-39           506477.35       512512.34      1018989.69
  2003        40-44           521340.87       526254.40      1047595.27
  2003        45-49           468696.99       460087.21       928784.20
  2003        50-54           407308.88       397004.05       804312.93
  2003        55-59           338305.81       331340.83       669646.64
  2003        60-64           263727.39       250376.18       514103.57
  2003        65-69           228834.28       209798.54       438632.82
  2003        70-74           212881.94       185288.28       398170.22
  2003        75-79           186818.45       138067.13       324885.58
  2003        80-84           129296.21        78363.84       207660.05
  2003        85-89            70113.74        33894.31       104008.05
  2003        90-94            29864.86        10695.00        40559.86
  2003        95-99             7845.98         1880.00         9725.98
  2003       100-104            1034.43          148.00         1182.43
  2003       105-109              61.00           12.00           73.00
  2003       110+                  3.00            1.00            4.00
  2004           0             63979.68        67627.29       131606.97
  2004         1-4            267950.67       280360.61       548311.28
  2004         5-9            379386.29       394949.81       774336.10
  2004        10-14           410215.00       428873.81       839088.81
  2004        15-19           405956.09       429622.29       835578.38
  2004        20-24           408850.39       424518.41       833368.80
  2004        25-29           407665.55       408167.63       815833.18
  2004        30-34           443628.88       446673.99       890302.87
  2004        35-39           492828.76       497569.73       990398.49
  2004        40-44           532674.68       540629.48      1073304.16
  2004        45-49           480605.16       475561.69       956166.85
  2004        50-54           417136.53       405010.86       822147.39
  2004        55-59           357090.67       348630.08       705720.75
  2004        60-64           274504.13       261138.79       535642.92
  2004        65-69           232726.86       212010.51       444737.37
  2004        70-74           213718.35       186332.08       400050.43
  2004        75-79           187702.47       141356.39       329058.86
  2004        80-84           136621.14        83481.34       220102.48
  2004        85-89            71157.31        34576.74       105734.05
  2004        90-94            31336.98        11314.29        42651.27
  2004        95-99             8160.82         1976.22        10137.04
  2004       100-104            1099.20          181.00         1280.20
  2004       105-109              64.26            4.00           68.26
  2004       110+                  2.00            1.00            3.00
  2005           0             64920.40        68833.52       133753.92
  2005         1-4            266316.85       280200.44       546517.29
  2005         5-9            371370.26       386863.53       758233.79
  2005        10-14           411193.69       429074.75       840268.44
  2005        15-19           413096.95       436767.29       849864.24
  2005        20-24           417645.21       433752.88       851398.09
  2005        25-29           411326.48       409270.90       820597.38
  2005        30-34           441173.39       440871.10       882044.49
  2005        35-39           479690.74       484549.09       964239.83
  2005        40-44           541194.67       550487.05      1091681.72
  2005        45-49           491304.16       490420.01       981724.17
  2005        50-54           429767.09       417442.68       847209.77
  2005        55-59           374424.33       364048.17       738472.50
  2005        60-64           284730.88       271614.41       556345.29
  2005        65-69           237286.65       215160.63       452447.28
  2005        70-74           214180.91       186419.67       400600.58
  2005        75-79           188143.22       144471.15       332614.37
  2005        80-84           143288.41        88036.34       231324.75
  2005        85-89            73065.69        36025.94       109091.63
  2005        90-94            33414.43        12196.75        45611.18
  2005        95-99             8428.82         2094.59        10523.41
  2005       100-104            1170.46          191.41         1361.87
  2005       105-109              71.35           11.00           82.35
  2005       110+                  1.00            1.00            2.00
  2006           0             64955.70        68647.47       133603.17
  2006         1-4            268026.33       282995.70       551022.03
  2006         5-9            361971.00       378795.87       740766.87
  2006        10-14           408848.40       426084.06       834932.46
  2006        15-19           421443.92       444098.79       865542.71
  2006        20-24           424736.72       442065.41       866802.13
  2006        25-29           415150.99       410695.00       825845.99
  2006        30-34           438777.04       434088.81       872865.85
  2006        35-39           471453.16       476047.10       947500.26
  2006        40-44           541653.62       550941.74      1092595.36
  2006        45-49           503207.43       506268.39      1009475.82
  2006        50-54           443033.27       431402.56       874435.83
  2006        55-59           390365.36       378300.38       768665.74
  2006        60-64           296033.56       283088.53       579122.09
  2006        65-69           242318.66       219760.98       462079.64
  2006        70-74           214763.68       185956.56       400720.24
  2006        75-79           189256.32       148034.11       337290.43
  2006        80-84           146174.88        91026.18       237201.06
  2006        85-89            78526.09        39437.36       117963.45
  2006        90-94            34473.72        12996.27        47469.99
  2006        95-99             8761.39         2256.66        11018.05
  2006       100-104            1221.07          197.00         1418.07
  2006       105-109              67.24            7.00           74.24
  2006       110+                  2.00            0.00            2.00
  2007           0             65869.30        69226.61       135095.91
  2007         1-4            269514.76       284781.71       554296.47
  2007         5-9            354371.16       372945.58       727316.74
  2007        10-14           404408.44       422078.46       826486.90
  2007        15-19           427913.33       447770.78       875684.11
  2007        20-24           430204.77       446616.59       876821.36
  2007        25-29           420753.85       413334.74       834088.59
  2007        30-34           436138.21       426578.61       862716.82
  2007        35-39           467386.70       469381.13       936767.83
  2007        40-44           533107.49       540934.88      1074042.37
  2007        45-49           515529.81       520373.77      1035903.58
  2007        50-54           457086.23       446012.94       903099.17
  2007        55-59           399302.18       385938.09       785240.27
  2007        60-64           314286.90       300700.20       614987.10
  2007        65-69           249601.31       226983.31       476584.62
  2007        70-74           215743.51       186435.74       402179.25
  2007        75-79           190639.48       151319.39       341958.87
  2007        80-84           148145.47        94257.91       242403.38
  2007        85-89            84761.61        42980.37       127741.98
  2007        90-94            35710.83        13577.81        49288.64
  2007        95-99             9210.81         2419.42        11630.23
  2007       100-104            1226.30          214.24         1440.54
  2007       105-109              78.90            6.34           85.24
  2007       110+                  0.00            0.00            0.00
  2008           0             67726.29        70957.63       138683.92
  2008         1-4            270495.40       285396.47       555891.87
  2008         5-9            350356.32       369647.36       720003.68
  2008        10-14           399097.01       418337.80       817434.81
  2008        15-19           432785.53       449699.49       882485.02
  2008        20-24           433722.38       446559.76       880282.14
  2008        25-29           428091.75       418421.20       846512.95
  2008        30-34           435296.97       420584.96       855881.93
  2008        35-39           464440.74       462439.85       926880.59
  2008        40-44           518840.44       523252.70      1042093.14
  2008        45-49           527853.93       532849.41      1060703.34
  2008        50-54           471071.60       461486.44       932558.04
  2008        55-59           404911.68       390036.62       794948.30
  2008        60-64           336077.81       320911.69       656989.50
  2008        65-69           258968.35       236264.61       495232.96
  2008        70-74           217669.28       188622.74       406292.02
  2008        75-79           191980.70       153930.27       345910.97
  2008        80-84           149132.65        97692.21       246824.86
  2008        85-89            90601.21        46474.84       137076.05
  2008        90-94            36368.74        14064.31        50433.05
  2008        95-99             9895.86         2617.00        12512.86
  2008       100-104            1247.98          224.00         1471.98
  2008       105-109              87.43            5.00           92.43
  2008       110+                  0.00            0.00            0.00
  2009           0             68380.51        71894.95       140275.46
  2009         1-4            273343.39       287469.72       560813.11
  2009         5-9            348387.77       368401.20       716788.97
  2009        10-14           393065.47       413469.87       806535.34
  2009        15-19           436439.01       452355.29       888794.30
  2009        20-24           437096.84       447050.07       884146.91
  2009        25-29           435717.65       424832.37       860550.02
  2009        30-34           436330.37       417207.78       853538.15
  2009        35-39           461243.01       454069.73       915312.74
  2009        40-44           502470.21       502785.72      1005255.93
  2009        45-49           539588.22       544436.86      1084025.08
  2009        50-54           483552.60       476123.66       959676.26
  2009        55-59           414866.57       398416.82       813283.39
  2009        60-64           354800.48       337718.86       692519.34
  2009        65-69           269205.19       246426.74       515631.93
  2009        70-74           221854.19       192671.34       414525.53
  2009        75-79           193025.17       156009.93       349035.10
  2009        80-84           150300.34       100891.50       251191.84
  2009        85-89            96179.14        49995.34       146174.48
  2009        90-94            37230.31        14417.74        51648.05
  2009        95-99            10440.98         2819.29        13260.27
  2009       100-104            1359.82          245.22         1605.04
  2009       105-109              90.20            9.00           99.20
  2009       110+                  2.26            0.00            2.26
  2010           0             68238.60        71809.32       140047.92
  2010         1-4            276980.57       290594.85       567575.42
  2010         5-9            347713.37       367897.92       715611.29
  2010        10-14           386072.87       407190.44       793263.31
  2010        15-19           437776.18       455172.42       892948.60
  2010        20-24           443883.72       452162.93       896046.65
  2010        25-29           443184.80       431707.45       874892.25
  2010        30-34           438243.88       416459.68       854703.56
  2010        35-39           457984.06       445109.20       903093.26
  2010        40-44           488181.13       484859.64       973040.77
  2010        45-49           546528.31       550417.06      1096945.37
  2010        50-54           495642.00       490021.91       985663.91
  2010        55-59           427960.78       410765.49       838726.27
  2010        60-64           372824.39       353767.11       726591.50
  2010        65-69           279141.53       256280.76       535422.29
  2010        70-74           227246.59       197541.51       424788.10
  2010        75-79           194049.15       157803.98       351853.13
  2010        80-84           150823.37       103923.25       254746.62
  2010        85-89           101507.41        53301.34       154808.75
  2010        90-94            38843.69        15143.94        53987.63
  2010        95-99            11207.43         3118.75        14326.18
  2010       100-104            1476.82          244.59         1721.41
  2010       105-109             105.46            7.41          112.87
  2010       110+                  1.35            0.00            1.35
  2011           0             68095.01        71601.61       139696.62
  2011         1-4            280964.34       294268.22       575232.56
  2011         5-9            348722.88       368093.11       716815.99
  2011        10-14           377939.35       399761.71       777701.06
  2011        15-19           437510.10       457990.30       895500.40
  2011        20-24           451950.39       460174.52       912124.91
  2011        25-29           449840.94       438092.54       887933.48
  2011        30-34           441818.90       418736.55       860555.45
  2011        35-39           453878.72       436821.09       890699.81
  2011        40-44           480790.08       473371.34       954161.42
  2011        45-49           543497.93       546941.96      1090439.89
  2011        50-54           508940.41       504593.51      1013533.92
  2011        55-59           441656.24       424211.34       865867.58
  2011        60-64           389070.65       368558.44       757629.09
  2011        65-69           290378.75       267378.12       557756.87
  2011        70-74           232956.54       202764.30       435720.84
  2011        75-79           195100.22       159534.76       354634.98
  2011        80-84           153194.84       108466.68       261661.52
  2011        85-89           104534.88        55753.18       160288.06
  2011        90-94            42649.09        17166.36        59815.45
  2011        95-99            11699.72         3331.27        15030.99
  2011       100-104            1548.39          262.66         1811.05
  2011       105-109             111.07           14.00          125.07
  2011       110+                  3.24            0.00            3.24
  2012           0             68289.02        71772.35       140061.37
  2012         1-4            283020.80       296058.20       579079.00
  2012         5-9            352630.32       370889.54       723519.86
  2012        10-14           371172.09       393002.26       764174.35
  2012        15-19           432402.43       456741.30       889143.73
  2012        20-24           457515.88       470457.13       927973.01
  2012        25-29           454236.10       445258.55       899494.65
  2012        30-34           447469.09       423483.45       870952.54
  2012        35-39           451428.06       431255.64       882683.70
  2012        40-44           478874.16       468109.72       946983.88
  2012        45-49           533421.97       535594.97      1069016.94
  2012        50-54           520563.45       517382.56      1037946.01
  2012        55-59           455528.76       437924.71       893453.47
  2012        60-64           397038.24       375530.21       772568.45
  2012        65-69           308289.78       284910.37       593200.15
  2012        70-74           239634.23       208989.25       448623.48
  2012        75-79           196298.06       161500.11       357798.17
  2012        80-84           154741.62       112008.53       266750.15
  2012        85-89           106673.47        58221.91       164895.38
  2012        90-94            46460.61        19236.37        65696.98
  2012        95-99            12282.83         3563.81        15846.64
  2012       100-104            1684.81          301.42         1986.23
  2012       105-109             110.30           13.24          123.54
  2012       110+                  0.91            0.34            1.25
  2013           0             68544.68        71985.23       140529.91
  2013         1-4            282910.89       295738.43       578649.32
  2013         5-9            358589.51       375526.66       734116.17
  2013        10-14           367648.74       388465.81       756114.55
  2013        15-19           423688.69       451016.02       874704.71
  2013        20-24           460247.60       481123.11       941370.71
  2013        25-29           455791.67       452387.50       908179.17
  2013        30-34           454042.43       430248.59       884291.02
  2013        35-39           452478.82       428981.63       881460.45
  2013        40-44           477086.95       464304.87       941391.82
  2013        45-49           520782.41       519740.63      1040523.04
  2013        50-54           530164.36       527871.18      1058035.54
  2013        55-59           469393.72       452671.19       922064.91
  2013        60-64           401728.60       378655.34       780383.94
  2013        65-69           329988.68       305493.53       635482.21
  2013        70-74           248057.83       217103.48       465161.31
  2013        75-79           198584.71       164523.66       363108.37
  2013        80-84           157182.72       114939.09       272121.81
  2013        85-89           108142.65        61410.21       169552.86
  2013        90-94            50516.21        21046.84        71563.05
  2013        95-99            12729.74         3711.31        16441.05
  2013       100-104            1851.86          362.00         2213.86
  2013       105-109             120.98           12.00          132.98
  2013       110+                  2.44            0.00            2.44
  2014           0             68350.78        71696.48       140047.26
  2014         1-4            282304.45       294884.23       577188.68
  2014         5-9            363768.20       379285.15       743053.35
  2014        10-14           367012.49       386790.58       753803.07
  2014        15-19           416213.82       444122.08       860335.90
  2014        20-24           460123.07       488317.63       948440.70
  2014        25-29           455950.77       458570.94       914521.71
  2014        30-34           459350.13       438141.06       897491.19
  2014        35-39           454251.03       427686.31       881937.34
  2014        40-44           474098.88       458436.07       932534.95
  2014        45-49           506607.24       501825.80      1008433.04
  2014        50-54           539308.21       537623.06      1076931.27
  2014        55-59           481511.49       466535.80       948047.29
  2014        60-64           410886.98       385759.61       796646.59
  2014        65-69           348389.25       322110.01       670499.26
  2014        70-74           257430.34       226632.64       484062.98
  2014        75-79           202661.45       168681.24       371342.69
  2014        80-84           158358.59       117169.90       275528.49
  2014        85-89           109724.34        64177.50       173901.84
  2014        90-94            54060.14        22976.34        77036.48
  2014        95-99            13248.31         3816.74        17065.05
  2014       100-104            2014.98          378.29         2393.27
  2014       105-109             129.82           11.22          141.04
  2014       110+                  3.47            0.00            3.47
  2015           0             68174.73        71523.05       139697.78
  2015         1-4            281292.28       293899.57       575191.85
  2015         5-9            367581.26       381664.86       749246.12
  2015        10-14           368124.05       386168.71       754292.76
  2015        15-19           410334.56       437430.57       847765.13
  2015        20-24           456523.60       491574.31       948097.91
  2015        25-29           456407.47       465986.38       922393.85
  2015        30-34           462577.22       445681.12       908258.34
  2015        35-39           455510.94       427132.16       882643.10
  2015        40-44           470779.04       451389.62       922168.66
  2015        45-49           494188.22       486181.82       980370.04
  2015        50-54           544602.82       542953.08      1087555.90
  2015        55-59           491992.22       479050.49       971042.71
  2015        60-64           422790.63       396304.76       819095.39
  2015        65-69           364917.54       336193.09       701110.63
  2015        70-74           265990.10       236032.62       502022.72
  2015        75-79           207248.12       172795.04       380043.16
  2015        80-84           160572.25       120303.51       280875.76
  2015        85-89           110845.37        66685.25       177530.62
  2015        90-94            57360.41        24628.34        81988.75
  2015        95-99            14014.69         4061.94        18076.63
  2015       100-104            2214.43          433.75         2648.18
  2015       105-109             123.82           11.59          135.41
  2015       110+                  2.82            0.41            3.23
  2016           0             68145.18        71712.97       139858.15
  2016         1-4            281742.93       294342.63       576085.56
  2016         5-9            371398.21       384726.01       756124.22
  2016        10-14           370949.18       386894.77       757843.95
  2016        15-19           407536.26       433414.91       840951.17
  2016        20-24           455359.68       494847.13       950206.81
  2016        25-29           459609.77       476545.02       936154.79
  2016        30-34           466781.29       456061.81       922843.10
  2016        35-39           458153.28       430153.08       888306.36
  2016        40-44           467613.31       444793.80       912407.11
  2016        45-49           487617.25       476803.45       964420.70
  2016        50-54           542103.36       540400.45      1082503.81
  2016        55-59           503126.28       491663.06       994789.34
  2016        60-64           435686.20       408509.17       844195.37
  2016        65-69           379529.51       348396.86       727926.37
  2016        70-74           275854.41       246626.39       522480.80
  2016        75-79           211806.36       176953.35       388759.71
  2016        80-84           161974.61       122566.21       284540.82
  2016        85-89           113287.84        70385.68       183673.52
  2016        90-94            59520.88        26093.18        85614.06
  2016        95-99            15728.09         4805.36        20533.45
  2016       100-104            2338.72          460.27         2798.99
  2016       105-109             126.39           16.66          143.05
  2016       110+                  1.32            0.00            1.32
  2017           0             68205.98        71989.28       140195.26
  2017         1-4            282221.89       295191.71       577413.60
  2017         5-9            373623.91       387281.49       760905.40
  2017        10-14           375042.54       389934.06       764976.60
  2017        15-19           409145.65       434792.85       843938.50
  2017        20-24           462012.52       503237.82       965250.34
  2017        25-29           468254.90       490664.67       958919.57
  2017        30-34           472651.31       468706.86       941358.17
  2017        35-39           463746.52       437853.51       901600.03
  2017        40-44           465611.70       440187.06       905798.76
  2017        45-49           485574.66       472380.43       957955.09
  2017        50-54           533151.64       530600.21      1063751.85
  2017        55-59           514080.25       503766.61      1017846.86
  2017        60-64           449493.62       422063.95       871557.57
  2017        65-69           387685.36       355024.33       742709.69
  2017        70-74           293284.30       263129.29       556413.59
  2017        75-79           218262.82       182801.17       401063.99
  2017        80-84           164711.44       125996.09       290707.53
  2017        85-89           115116.62        73234.53       188351.15
  2017        90-94            61334.47        27519.91        88854.38
  2017        95-99            17508.61         5517.37        23025.98
  2017       100-104            2469.83          499.81         2969.64
  2017       105-109             150.81           20.42          171.23
  2017       110+                  2.21            0.58            2.79
  2018           0             68311.81        72325.13       140636.94
  2018         1-4            281813.99       295696.18       577510.17
  2018         5-9            373794.07       388238.64       762032.71
  2018        10-14           379818.04       394362.06       774180.10
  2018        15-19           413608.58       439284.95       852893.53
  2018        20-24           473910.57       517932.91       991843.48
  2018        25-29           482682.60       508706.25       991388.85
  2018        30-34           480409.95       482032.66       962442.61
  2018        35-39           471928.37       449881.92       921810.29
  2018        40-44           466299.16       438711.38       905010.54
  2018        45-49           483257.99       468421.72       951679.71
  2018        50-54           520739.39       515888.50      1036627.89
  2018        55-59           524252.61       515020.23      1039272.84
  2018        60-64           463084.13       436868.61       899952.74
  2018        65-69           392786.10       359073.76       751859.86
  2018        70-74           314545.96       281829.46       596375.42
  2018        75-79           226723.36       190691.44       417414.80
  2018        80-84           167776.28       129751.16       297527.44
  2018        85-89           117232.72        75424.09       192656.81
  2018        90-94            62307.65        29068.21        91375.86
  2018        95-99            19082.21         6065.84        25148.05
  2018       100-104            2528.74          490.31         3019.05
  2018       105-109             167.86           24.00          191.86
  2018       110+                  3.41            0.00            3.41
  2019           0             68418.99        72158.92       140577.91
  2019         1-4            282284.81       297280.15       579564.96
  2019         5-9            373883.17       388670.55       762553.72
  2019        10-14           384543.92       398918.43       783462.35
  2019        15-19           417361.21       441549.28       858910.49
  2019        20-24           485917.85       533432.08      1019349.93
  2019        25-29           499449.86       529212.45      1028662.31
  2019        30-34           492153.21       498740.61       990893.82
  2019        35-39           482447.45       466718.69       949166.14
  2019        40-44           469217.33       440475.94       909693.27
  2019        45-49           480680.95       463642.18       944323.13
  2019        50-54           506980.91       499393.31      1006374.22
  2019        55-59           533941.44       525649.41      1059590.85
  2019        60-64           475122.35       450959.99       926082.34
  2019        65-69           401877.29       366731.72       768609.01
  2019        70-74           332594.99       297191.63       629786.62
  2019        75-79           235900.28       199590.43       435490.71
  2019        80-84           172724.53       134534.15       307258.68
  2019        85-89           118355.59        77137.90       195493.49
  2019        90-94            63173.34        30413.50        93586.84
  2019        95-99            20234.14         6518.34        26752.48
  2019       100-104            2629.31          520.74         3150.05
  2019       105-109             180.98           27.29          208.27
  2019       110+                  7.28            0.22            7.50
  2020           0             68431.55        71720.38       140151.93
  2020         1-4            282779.55       298264.54       581044.09
  2020         5-9            373919.93       389247.03       763166.96
  2020        10-14           387966.96       402309.87       790276.83
  2020        15-19           417109.13       438899.51       856008.64
  2020        20-24           492728.85       540161.42      1032890.27
  2020        25-29           513293.59       546091.81      1059385.40
  2020        30-34           506594.35       517206.99      1023801.34
  2020        35-39           493465.24       484296.47       977761.71
  2020        40-44           472822.05       444246.39       917068.44
  2020        45-49           478238.86       457848.96       936087.82
  2020        50-54           495132.12       484929.56       980061.68
  2020        55-59           539532.91       531620.47      1071153.38
  2020        60-64           486225.57       463875.39       950100.96
  2020        65-69           414087.66       377557.44       791645.10
  2020        70-74           349087.19       310847.78       659934.97
  2020        75-79           244957.54       208318.98       453276.52
  2020        80-84           177699.10       138795.52       316494.62
  2020        85-89           120358.44        79831.31       200189.75
  2020        90-94            64367.37        31813.25        96180.62
  2020        95-99            21470.41         6927.34        28397.75
  2020       100-104            2780.69          539.94         3320.63
  2020       105-109             191.43           34.75          226.18
  2020       110+                  7.63            0.00            7.63
  2021           0             67568.10        71046.28       138614.38
  2021         1-4            284211.37       297973.17       582184.54
  2021         5-9            376693.65       394973.62       771667.27
  2021        10-14           390790.78       409562.47       800353.25
  2021        15-19           408162.41       430182.15       838344.56
  2021        20-24           484046.45       527648.40      1011694.85
  2021        25-29           520915.31       562401.86      1083317.17
  2021        30-34           518098.70       534440.24      1052538.94
  2021        35-39           500385.75       497839.66       998225.41
  2021        40-44           474204.74       452997.05       927201.79
  2021        45-49           476639.25       453739.77       930379.02
  2021        50-54           493552.49       475924.75       969477.24
  2021        55-59           538938.49       529832.63      1068771.12
  2021        60-64           497772.56       477764.66       975537.22
  2021        65-69           425836.54       389000.43       814836.97
  2021        70-74           362177.70       323394.59       685572.29
  2021        75-79           252758.35       217655.09       470413.44
  2021        80-84           182292.98       142287.54       324580.52
  2021        85-89           121553.83        81426.90       202980.73
  2021        90-94            65621.84        33645.68        99267.52
  2021        95-99            22309.88         7284.18        29594.06
  2021       100-104            3110.09          669.36         3779.45
  2021       105-109             187.72           32.27          219.99
  2021       110+                  3.70            0.66            4.36
  2022           0             67084.07        70517.77       137601.84
  2022         1-4            283849.67       296083.67       579933.34
  2022         5-9            380996.14       401588.53       782584.67
  2022        10-14           393422.92       417524.36       810947.28
  2022        15-19           406908.55       433657.76       840566.31
  2022        20-24           480815.07       525915.18      1006730.25
  2022        25-29           532602.66       584590.90      1117193.56
  2022        30-34           532836.63       555944.14      1088780.77
  2022        35-39           508251.26       511466.15      1019717.41
  2022        40-44           478224.74       465596.48       943821.22
  2022        45-49           475510.66       451865.08       927375.74
  2022        50-54           496804.94       471924.27       968729.21
  2022        55-59           532553.53       519847.53      1052401.06
  2022        60-64           508594.10       490076.10       998670.20
  2022        65-69           438517.19       401249.63       839766.82
  2022        70-74           368946.37       329832.09       698778.46
  2022        75-79           266974.05       232132.04       499106.09
  2022        80-84           187543.88       146509.00       334052.88
  2022        85-89           123383.61        83582.99       206966.60
  2022        90-94            67038.62        35107.53       102146.15
  2022        95-99            23017.47         7787.91        30805.38
  2022       100-104            3500.61          789.37         4289.98
  2022       105-109             210.83           32.81          243.64
  2022       110+                  1.00            2.00            3.00
  2023           0             66496.83        69779.21       136276.04
  2023         1-4            282252.45       294371.14       576623.59
  2023         5-9            385137.68       405627.53       790765.21
  2023        10-14           397646.63       422315.25       819961.88
  2023        15-19           420842.13       452466.27       873308.40
  2023        20-24           503348.11       558217.74      1061565.85
  2023        25-29           562377.35       621568.33      1183945.68
  2023        30-34           562244.37       593265.53      1155509.90
  2023        35-39           524989.08       533972.47      1058961.55
  2023        40-44           490798.68       482229.55       973028.23
  2023        45-49           476866.53       453927.04       930793.57
  2023        50-54           496241.51       469802.40       966043.91
  2023        55-59           522278.83       504719.02      1026997.85
  2023        60-64           518820.41       500198.13      1019018.54
  2023        65-69           452580.86       415378.06       867958.92
  2023        70-74           374409.08       332492.20       706901.28
  2023        75-79           286689.47       248909.94       535599.41
  2023        80-84           194058.46       152722.01       346780.47
  2023        85-89           125595.61        85866.90       211462.51
  2023        90-94            67770.72        35731.09       103501.81
  2023        95-99            22981.65         8102.21        31083.86
  2023       100-104            3738.21          833.84         4572.05
  2023       105-109             234.74           35.31          270.05
  2023       110+                  2.27            0.00            2.27
  2024           0             66968.94        70458.63       137427.57
  2024         1-4            281494.49       293868.50       575362.99
  2024         5-9            391211.46       411635.93       802847.39
  2024        10-14           404372.79       428254.00       832626.79
  2024        15-19           433882.12       468193.33       902075.45
  2024        20-24           534138.75       602647.47      1136786.22
  2024        25-29           597153.97       661172.24      1258326.21
  2024        30-34           598775.22       637206.89      1235982.11
  2024        35-39           549197.73       565355.47      1114553.20
  2024        40-44           509874.06       507083.02      1016957.08
  2024        45-49           483753.81       463202.85       946956.66
  2024        50-54           496321.72       469266.11       965587.83
  2024        55-59           512462.26       490193.66      1002655.92
  2024        60-64           529892.92       510584.33      1040477.25
  2024        65-69           465505.06       429669.09       895174.15
  2024        70-74           383853.28       339072.82       722926.10
  2024        75-79           303659.52       262596.57       566256.09
  2024        80-84           201015.61       159690.58       360706.19
  2024        85-89           129308.55        88826.23       218134.78
  2024        90-94            68586.59        36695.90       105282.49
  2024        95-99            23519.34         8559.50        32078.84
  2024       100-104            3998.14          897.34         4895.48
  2024       105-109             227.31           37.74          265.05
  2024       110+                  5.26            0.51            5.77
